{"lr": 0.002860035189430962, "gamma": 0.973528222909316, "hidden_size": 3}