{"lr": 0.0023824301737868933, "gamma": 0.9880118880336586, "hidden_size": 3}