{"lr": 0.0001377684110433621, "gamma": 0.9467463434126824, "hidden_size": 4}