{"lr": 0.0007757035362068789, "gamma": 0.9177909983251841, "hidden_size": 3}