{"lr": 0.0020053981680995146, "gamma": 0.9670345691702963, "hidden_size": 3}