{"lr": 0.0003880468868576842, "gamma": 0.9868588941209072, "hidden_size": 3}