{"lr": 0.001260674184616689, "gamma": 0.9713872921225206, "hidden_size": 3}