{"lr": 0.006087959455439009, "gamma": 0.9080669604557282, "hidden_size": 4}