{"lr": 0.0035513284307097906, "gamma": 0.9621743008468251, "hidden_size": 3}