{"lr": 2.2285498826357666e-05, "gamma": 0.9099228877617369, "hidden_size": 1}