{"lr": 0.005165140467719956, "gamma": 0.9539814055767446, "hidden_size": 1}