{"lr": 0.00010931065477180092, "gamma": 0.9030202905460285, "hidden_size": 3}