{"lr": 0.005879424688947093, "gamma": 0.9588878506896442, "hidden_size": 3}