{"lr": 0.002456228667749672, "gamma": 0.9476133947840625, "hidden_size": 3}