{"lr": 0.0037990887744262757, "gamma": 0.9339214982839827, "hidden_size": 4}