{"lr": 0.0017264637376073284, "gamma": 0.9883844052170743, "hidden_size": 3}