{"lr": 2.9045633698720936e-05, "gamma": 0.9156827088179758, "hidden_size": 4}