{"lr": 0.0027351755369536563, "gamma": 0.9528080786467935, "hidden_size": 3}