{"lr": 0.0040159328110055655, "gamma": 0.9684708048914502, "hidden_size": 3}