{"lr": 0.0030875142007241968, "gamma": 0.9726266956903951, "hidden_size": 3}