{"lr": 0.0024989209743049097, "gamma": 0.9881934671163045, "hidden_size": 3}