{"lr": 0.005149551309009019, "gamma": 0.9836610425409775, "hidden_size": 3}