{"lr": 0.00731508334797482, "gamma": 0.9284950980263342, "hidden_size": 1}