{"lr": 0.00108930545684305, "gamma": 0.9884775135104664, "hidden_size": 3}