{"lr": 0.0014626835895180546, "gamma": 0.9565064354385432, "hidden_size": 3}