{"lr": 0.0020062548583699297, "gamma": 0.9548145663806178, "hidden_size": 3}