{"lr": 0.001086793537818612, "gamma": 0.9836939922042419, "hidden_size": 3}