{"lr": 0.007610235256265471, "gamma": 0.9459062968947978, "hidden_size": 4}