{"lr": 1.8700084691101785e-05, "gamma": 0.9751696663296664, "hidden_size": 4}