{"lr": 0.003814067118879912, "gamma": 0.9592900958332656, "hidden_size": 3}