{"lr": 0.0018828126709705682, "gamma": 0.9386480052245755, "hidden_size": 3}