{"lr": 0.0015815984747558772, "gamma": 0.9702360863369954, "hidden_size": 3}