{"lr": 0.0001264100983649081, "gamma": 0.9498070711025636, "hidden_size": 3}