{"lr": 0.00034515771308954945, "gamma": 0.9157607181363822, "hidden_size": 3}