{"lr": 0.0022085165712992954, "gamma": 0.9685598559830804, "hidden_size": 3}