{"lr": 0.0013758460561736647, "gamma": 0.9770492335162464, "hidden_size": 3}