{"lr": 0.0083720665034357, "gamma": 0.9457103876101787, "hidden_size": 1}