{"lr": 0.0012909678314360898, "gamma": 0.9719990513327451, "hidden_size": 3}