{"lr": 0.00038356936772678506, "gamma": 0.9598291538201138, "hidden_size": 3}