{"lr": 0.0013379599656119622, "gamma": 0.9227904306908055, "hidden_size": 2}