{"lr": 0.0032849693754474956, "gamma": 0.9597865442645376, "hidden_size": 3}