{"lr": 0.004155693729916392, "gamma": 0.9028904216780129, "hidden_size": 1}