{"lr": 0.00019404216116663357, "gamma": 0.977640559070626, "hidden_size": 3}