{"lr": 0.004237717829208348, "gamma": 0.9023423941492991, "hidden_size": 2}