{"lr": 0.0003776845189858388, "gamma": 0.9375033522478118, "hidden_size": 3}