{"lr": 0.0002546461476674172, "gamma": 0.9165324229501485, "hidden_size": 3}