{"lr": 0.0011593747828747827, "gamma": 0.902692130756128, "hidden_size": 4}