{"lr": 0.007431176402571659, "gamma": 0.9411324466835782, "hidden_size": 1}