{"lr": 0.00011474864661160351, "gamma": 0.9726846860489825, "hidden_size": 3}