{"lr": 0.006715845447206714, "gamma": 0.9035157268231384, "hidden_size": 2}