{"lr": 0.0011530995000899305, "gamma": 0.9862540335259777, "hidden_size": 3}