{"lr": 0.002171422693759523, "gamma": 0.9200937398570572, "hidden_size": 3}