{"lr": 0.0010470579080899573, "gamma": 0.9331857500745485, "hidden_size": 3}