{"lr": 0.0032877258311001297, "gamma": 0.9365713610824232, "hidden_size": 1}