{"lr": 0.003578093199597367, "gamma": 0.9610348971064219, "hidden_size": 3}