{"lr": 0.0017706058635790774, "gamma": 0.9668588833726786, "hidden_size": 3}