{"lr": 2.664080636287171e-05, "gamma": 0.9224095819620985, "hidden_size": 2}