{"lr": 0.0004624084654850918, "gamma": 0.9520839830594702, "hidden_size": 4}