{"lr": 0.002685446838828853, "gamma": 0.9710583833632064, "hidden_size": 1}