{"lr": 0.00020274174491380508, "gamma": 0.9588715985606769, "hidden_size": 4}