{"lr": 0.0022321256048572287, "gamma": 0.9148500374932936, "hidden_size": 4}