{"lr": 0.0023968458659677917, "gamma": 0.9008116780391141, "hidden_size": 4}