{"lr": 0.00529316304196542, "gamma": 0.9528314615525587, "hidden_size": 2}