{"lr": 0.0027442368058328715, "gamma": 0.9619371336503103, "hidden_size": 2}