{"lr": 0.003935534672181736, "gamma": 0.9631788443132545, "hidden_size": 3}