{"lr": 0.002931198007948154, "gamma": 0.9629299458299767, "hidden_size": 1}