{"lr": 6.073937411370981e-05, "gamma": 0.9572582653942365, "hidden_size": 3}