{"lr": 0.0007782270562036291, "gamma": 0.9530906417204269, "hidden_size": 2}