{"lr": 0.001468358359482374, "gamma": 0.9112596136453688, "hidden_size": 1}