{"lr": 0.0012086634832454593, "gamma": 0.956766738938359, "hidden_size": 3}