{"lr": 0.002644395853884995, "gamma": 0.9725454328527525, "hidden_size": 3}