{"lr": 0.0015131983961751577, "gamma": 0.9804556181591614, "hidden_size": 3}