{"lr": 0.003943544573488708, "gamma": 0.96937707079447, "hidden_size": 3}