{"lr": 3.284658878415505e-05, "gamma": 0.9119503917326801, "hidden_size": 4}