{"lr": 1.2969860718942883e-05, "gamma": 0.9188466386087377, "hidden_size": 3}