{"lr": 0.007843526588577992, "gamma": 0.9608161732541353, "hidden_size": 4}