{"lr": 0.0011322034794091446, "gamma": 0.9708386598502822, "hidden_size": 3}