{"lr": 0.0021934992526744714, "gamma": 0.9746820853747094, "hidden_size": 3}