{"lr": 0.006602400284445748, "gamma": 0.905071711780124, "hidden_size": 2}