{"lr": 0.00012448559503194144, "gamma": 0.9830765900604568, "hidden_size": 4}