{"lr": 0.0027465064318381318, "gamma": 0.9662568898650526, "hidden_size": 2}