{"lr": 0.0032728065065646622, "gamma": 0.9360111716408249, "hidden_size": 4}