{"lr": 0.0021339538239245294, "gamma": 0.9785857971748433, "hidden_size": 3}