{"lr": 0.0010076815904009203, "gamma": 0.9790667571564245, "hidden_size": 3}