{"lr": 0.0025909501086092642, "gamma": 0.9852808246440269, "hidden_size": 3}