{"lr": 3.172474665654514e-05, "gamma": 0.9478136796484767, "hidden_size": 1}