{"lr": 0.0003443711104710198, "gamma": 0.9737398083501748, "hidden_size": 1}