{"lr": 0.005169404618776676, "gamma": 0.9523511349362348, "hidden_size": 4}