{"lr": 0.0003142788239888815, "gamma": 0.91860618315375, "hidden_size": 3}