{"lr": 3.0512587001159216e-05, "gamma": 0.986381340652397, "hidden_size": 3}