{"lr": 0.007971018458302495, "gamma": 0.9018213661838582, "hidden_size": 2}