{"lr": 0.0038443207075862483, "gamma": 0.911618012946111, "hidden_size": 3}