{"lr": 0.003263257492715506, "gamma": 0.9899777360282402, "hidden_size": 3}