{"lr": 0.0034689811823599773, "gamma": 0.9718544287728665, "hidden_size": 3}