{"lr": 0.000995260826533265, "gamma": 0.9663366998563286, "hidden_size": 3}