{"lr": 0.004392456812813513, "gamma": 0.9588279533864296, "hidden_size": 2}