{"lr": 0.0009150609763383001, "gamma": 0.921978144430961, "hidden_size": 3}