{"lr": 0.006316090771119164, "gamma": 0.9471135456262728, "hidden_size": 4}