{"lr": 0.0006341327516549931, "gamma": 0.9815223475901642, "hidden_size": 3}