{"lr": 0.00041668316939761637, "gamma": 0.9689527556998067, "hidden_size": 2}