{"lr": 0.0026435831918256002, "gamma": 0.9637146897811291, "hidden_size": 4}