{"lr": 0.0036592044761009673, "gamma": 0.9717904874883574, "hidden_size": 3}