{"lr": 0.0033986551376553624, "gamma": 0.964808320227364, "hidden_size": 3}