{"lr": 0.0001395718087688237, "gamma": 0.9878030178442634, "hidden_size": 1}