{"lr": 0.00040212548854941336, "gamma": 0.9405100226321277, "hidden_size": 4}