{"lr": 0.0006271944087124465, "gamma": 0.9894186992817066, "hidden_size": 3}