{"lr": 0.0012883216674606927, "gamma": 0.9676346380913081, "hidden_size": 3}