{"lr": 0.009618038619344717, "gamma": 0.940636403466189, "hidden_size": 3}