{"lr": 2.386277993524297e-05, "gamma": 0.9861703880984127, "hidden_size": 3}