{"lr": 0.00997096068880878, "gamma": 0.9479480839528773, "hidden_size": 3}