{"lr": 0.0028522578228978145, "gamma": 0.9678248129899023, "hidden_size": 3}