{"lr": 0.002816974452125582, "gamma": 0.9219596890822885, "hidden_size": 3}