{"lr": 0.0016439598115174103, "gamma": 0.9215988168867624, "hidden_size": 2}