{"lr": 0.0028000551587623076, "gamma": 0.9820896728584836, "hidden_size": 3}