{"lr": 0.0005882939371490914, "gamma": 0.9805576032272404, "hidden_size": 1}