{"lr": 0.005414971178767292, "gamma": 0.9509438899487109, "hidden_size": 4}