{"lr": 0.0011877698040769263, "gamma": 0.9559485168346604, "hidden_size": 4}