{"lr": 0.0026840322335517555, "gamma": 0.987753534224465, "hidden_size": 3}