{"lr": 0.00033575208530794775, "gamma": 0.9511054071420671, "hidden_size": 1}