{"lr": 0.005960849225511215, "gamma": 0.9327313796702141, "hidden_size": 2}