{"lr": 0.005549249461410832, "gamma": 0.911400068747765, "hidden_size": 2}