{"lr": 0.001943756997660244, "gamma": 0.9247938736707084, "hidden_size": 2}