{"lr": 0.001653854304611476, "gamma": 0.9784798782348704, "hidden_size": 4}