{"lr": 0.002044225074134596, "gamma": 0.9616486862282125, "hidden_size": 3}