{"lr": 0.00018169334712176628, "gamma": 0.9806528989451326, "hidden_size": 3}