{"lr": 0.0003802022629657133, "gamma": 0.9006375371101423, "hidden_size": 2}