{"lr": 0.0042056707910690895, "gamma": 0.9779219663978331, "hidden_size": 4}