{"lr": 0.0007935285011621624, "gamma": 0.9638700089993277, "hidden_size": 3}