{"lr": 0.0035147096415965693, "gamma": 0.9302872229120923, "hidden_size": 3}