{"lr": 0.0017332052101919286, "gamma": 0.9608884551224686, "hidden_size": 3}