{"lr": 0.0015742800016942285, "gamma": 0.9896687290080719, "hidden_size": 3}