{"lr": 0.0009033276664657414, "gamma": 0.9332137923040091, "hidden_size": 3}