{"lr": 0.002228036742390555, "gamma": 0.9639553720484184, "hidden_size": 2}