{"lr": 0.001184670355726498, "gamma": 0.9390196374058066, "hidden_size": 3}