{"lr": 0.003586511801513228, "gamma": 0.9862654653662253, "hidden_size": 3}