{"lr": 0.006841807865815726, "gamma": 0.9272231146079939, "hidden_size": 4}