{"lr": 0.0009195909040535533, "gamma": 0.9399844149296703, "hidden_size": 4}