{"lr": 0.0012582656380493, "gamma": 0.9719703137106522, "hidden_size": 3}