{"lr": 0.00047568113855124094, "gamma": 0.9541299210805676, "hidden_size": 3}