{"lr": 0.0007237602774503078, "gamma": 0.9351872667813322, "hidden_size": 3}