{"lr": 0.0015678189613383686, "gamma": 0.9899581099878063, "hidden_size": 3}