{"lr": 2.407767380063142e-05, "gamma": 0.925996791312233, "hidden_size": 4}