{"lr": 0.0003984297834722174, "gamma": 0.9622417106804899, "hidden_size": 3}