{"lr": 5.7601435811283837e-05, "gamma": 0.9020668456079306, "hidden_size": 2}