{"lr": 0.004471515332944321, "gamma": 0.9246471650701342, "hidden_size": 2}