{"lr": 0.0012233697191702698, "gamma": 0.9202021618728199, "hidden_size": 3}