{"lr": 0.0011163487301785546, "gamma": 0.9756319696525052, "hidden_size": 3}