{"lr": 3.896606025645192e-05, "gamma": 0.9512117422834934, "hidden_size": 4}