{"lr": 0.0010408261376693073, "gamma": 0.9829316703922675, "hidden_size": 4}