{"lr": 0.00010633181967791103, "gamma": 0.9322659675452735, "hidden_size": 4}