{"lr": 0.00244410474365405, "gamma": 0.9791322348450879, "hidden_size": 3}