{"lr": 1.585500474951821e-05, "gamma": 0.9684522482063775, "hidden_size": 4}