{"lr": 0.0013372187236129593, "gamma": 0.9213418854934952, "hidden_size": 3}