{"lr": 0.0007282194434665663, "gamma": 0.9225973066984762, "hidden_size": 1}