{"lr": 0.0019830541029105947, "gamma": 0.9485171170604726, "hidden_size": 3}