{"lr": 1.101386988235526e-05, "gamma": 0.9897204214656732, "hidden_size": 3}