{"lr": 0.0007128026872043181, "gamma": 0.9751157121416679, "hidden_size": 3}