{"lr": 0.0004293351465739217, "gamma": 0.979360100421673, "hidden_size": 4}