{"lr": 0.0028395563454457254, "gamma": 0.9849852897293409, "hidden_size": 3}