{"lr": 0.002378898341794607, "gamma": 0.9895409447308944, "hidden_size": 3}