{"lr": 0.0070800896066083845, "gamma": 0.935693085576712, "hidden_size": 1}