{"lr": 0.0025242762091956575, "gamma": 0.9867680430092991, "hidden_size": 2}