{"lr": 0.004215897767535827, "gamma": 0.9509906858533377, "hidden_size": 3}