{"lr": 0.004336241449123584, "gamma": 0.9795886164466017, "hidden_size": 2}