{"lr": 0.004965572061711066, "gamma": 0.9663155407836919, "hidden_size": 2}