{"lr": 0.00189197387116793, "gamma": 0.9446019236583484, "hidden_size": 2}