{"lr": 0.001242916529254431, "gamma": 0.9575858272967828, "hidden_size": 2}