{"lr": 0.001307368814662255, "gamma": 0.916742605858733, "hidden_size": 3}