{"lr": 0.001724363408734953, "gamma": 0.9604999664810512, "hidden_size": 3}