{"lr": 0.003148649020713313, "gamma": 0.9398708489669282, "hidden_size": 3}