{"lr": 0.001025176452894251, "gamma": 0.9843814705658608, "hidden_size": 3}