{"lr": 0.000213738257515767, "gamma": 0.9739998216212606, "hidden_size": 3}