{"lr": 0.00470169189371583, "gamma": 0.917541915648275, "hidden_size": 2}