{"lr": 0.005155025790604865, "gamma": 0.9860471665167427, "hidden_size": 3}