{"lr": 0.0026809853160477248, "gamma": 0.9303464883303204, "hidden_size": 3}