{"lr": 0.005545308347120881, "gamma": 0.9619293974038862, "hidden_size": 2}