{"lr": 0.0024533810100918997, "gamma": 0.9059246705379662, "hidden_size": 3}