{"lr": 0.003957329382816333, "gamma": 0.9291523413097316, "hidden_size": 1}