{"lr": 1.0926184997121416e-05, "gamma": 0.9881384127647065, "hidden_size": 3}