{"lr": 0.0038998577169977594, "gamma": 0.9638852428923829, "hidden_size": 3}