{"lr": 0.0024699317741544084, "gamma": 0.9865026148444126, "hidden_size": 4}