{"lr": 0.00682954714964726, "gamma": 0.9579461457454698, "hidden_size": 3}