{"lr": 0.00020546797524777802, "gamma": 0.9384096493317794, "hidden_size": 3}