{"lr": 1.2582317558506806e-05, "gamma": 0.9207788786160869, "hidden_size": 3}