{"lr": 0.0005321065045491466, "gamma": 0.9325209539868813, "hidden_size": 2}