{"lr": 0.0035283609472274153, "gamma": 0.9616458319960979, "hidden_size": 3}