{"lr": 0.0071055824063337185, "gamma": 0.9691335572639405, "hidden_size": 3}