{"lr": 4.1972344756319905e-05, "gamma": 0.9476253352689248, "hidden_size": 4}