{"lr": 0.004098524623813122, "gamma": 0.9621448128938862, "hidden_size": 3}