{"lr": 0.002175579590990673, "gamma": 0.9233795437540672, "hidden_size": 1}