{"lr": 0.009941212079703915, "gamma": 0.9200651277091147, "hidden_size": 1}