{"lr": 0.0030015616936942364, "gamma": 0.9225200659554409, "hidden_size": 1}