{"lr": 0.0028508749990962512, "gamma": 0.9886238165709433, "hidden_size": 3}