{"lr": 0.0005978559443940801, "gamma": 0.9165301529266281, "hidden_size": 2}