{"lr": 0.0027086564053500337, "gamma": 0.9857500229606192, "hidden_size": 1}