{"lr": 0.0021346864498024945, "gamma": 0.9559680920365244, "hidden_size": 3}