{"lr": 0.0023981128819535362, "gamma": 0.9446246506287772, "hidden_size": 4}