{"lr": 0.000276369260463859, "gamma": 0.9506655897448918, "hidden_size": 2}