{"lr": 0.0006825742315587507, "gamma": 0.9118025626117641, "hidden_size": 4}