{"lr": 0.001399582154472716, "gamma": 0.9444207528200378, "hidden_size": 4}