{"lr": 0.0032661589863362934, "gamma": 0.9319222801244659, "hidden_size": 2}