{"lr": 0.0038289922794265546, "gamma": 0.9794322625964565, "hidden_size": 3}