{"lr": 0.00018226485430554836, "gamma": 0.9622360139172971, "hidden_size": 3}