{"lr": 0.000412198817979754, "gamma": 0.9211063004477235, "hidden_size": 3}