{"lr": 0.00364036021103418, "gamma": 0.9725579528673653, "hidden_size": 2}