{"lr": 0.009910625971272813, "gamma": 0.9561141823768037, "hidden_size": 1}