{"lr": 0.0012257182239326805, "gamma": 0.9698349212328624, "hidden_size": 3}