{"lr": 0.0017636005648650273, "gamma": 0.9392687697181341, "hidden_size": 3}