{"lr": 0.0011864720799401737, "gamma": 0.9853973066379186, "hidden_size": 3}