{"lr": 0.007144959810409105, "gamma": 0.9324341427073657, "hidden_size": 3}