{"lr": 0.006853937888848531, "gamma": 0.9463886913444116, "hidden_size": 4}