{"lr": 0.0027294314269376272, "gamma": 0.9852321526492775, "hidden_size": 3}