{"lr": 0.0027496665355389075, "gamma": 0.9758285942486677, "hidden_size": 2}