{"lr": 0.00012059156541408863, "gamma": 0.9177639925325211, "hidden_size": 4}