{"lr": 0.004901081870728472, "gamma": 0.9558596608609916, "hidden_size": 2}