{"lr": 0.0022106392287955696, "gamma": 0.9853419240230761, "hidden_size": 3}