{"lr": 0.00015433941579571727, "gamma": 0.9170940254353298, "hidden_size": 1}