{"lr": 0.0004360775918825134, "gamma": 0.9121318522295426, "hidden_size": 2}