{"lr": 0.0015873832601068865, "gamma": 0.9219645176184432, "hidden_size": 3}