{"lr": 0.0048847850967873255, "gamma": 0.9870020877288417, "hidden_size": 3}