{"lr": 0.0018192504790198701, "gamma": 0.9694349027839033, "hidden_size": 2}