{"lr": 2.3373365243014416e-05, "gamma": 0.9151794174533897, "hidden_size": 4}