{"lr": 0.00025467081494396867, "gamma": 0.9518497661132974, "hidden_size": 3}