{"lr": 0.00036693912497457343, "gamma": 0.9675724417640441, "hidden_size": 2}