{"lr": 0.00012717101859490817, "gamma": 0.9897954345687576, "hidden_size": 4}