{"lr": 0.0024236899152797454, "gamma": 0.9673135100046708, "hidden_size": 3}