{"lr": 0.0002673570803649499, "gamma": 0.901706496423483, "hidden_size": 3}