{"lr": 0.0016908271022766598, "gamma": 0.9326641193305087, "hidden_size": 3}