{"lr": 0.000408555608623345, "gamma": 0.9882695645048877, "hidden_size": 3}