{"lr": 0.0050239198316791665, "gamma": 0.9569207930461127, "hidden_size": 3}