{"lr": 0.00016634114781039234, "gamma": 0.9659965157324405, "hidden_size": 2}