{"lr": 0.0030320971056590536, "gamma": 0.9440385405148188, "hidden_size": 3}