{"lr": 0.0002174575672170626, "gamma": 0.9761639272864028, "hidden_size": 3}