{"lr": 2.8943650435680014e-05, "gamma": 0.945541134999217, "hidden_size": 2}