{"lr": 0.0004953895442800939, "gamma": 0.9759703389942258, "hidden_size": 1}