{"lr": 2.0642442498007335e-05, "gamma": 0.928403631169236, "hidden_size": 3}