{"lr": 0.0022734701951579164, "gamma": 0.9762195970910638, "hidden_size": 3}