{"lr": 0.001079593750492283, "gamma": 0.950771423077114, "hidden_size": 4}