{"lr": 0.00029181845129358784, "gamma": 0.9054344715064839, "hidden_size": 4}