{"lr": 0.0009748087465955215, "gamma": 0.956050572984622, "hidden_size": 1}