{"lr": 0.00016838950333901708, "gamma": 0.9585742242367967, "hidden_size": 4}