{"lr": 0.00022520430196729875, "gamma": 0.9651633828250021, "hidden_size": 2}