{"lr": 4.898402530522384e-05, "gamma": 0.924552629223712, "hidden_size": 4}