{"lr": 0.007759063091152258, "gamma": 0.9745802749728879, "hidden_size": 4}