{"lr": 0.0007980939427328287, "gamma": 0.9073540187482698, "hidden_size": 3}