{"lr": 0.0013414846608384172, "gamma": 0.9738710332395052, "hidden_size": 3}