{"lr": 0.000980282320325224, "gamma": 0.9034076125764863, "hidden_size": 3}