{"lr": 0.00117776130663014, "gamma": 0.9689064500359331, "hidden_size": 3}