{"lr": 0.002767877714435247, "gamma": 0.969411856434449, "hidden_size": 4}