{"lr": 0.0074084774868935326, "gamma": 0.9569922366348284, "hidden_size": 3}