{"lr": 0.0013627743921866028, "gamma": 0.9376711961899956, "hidden_size": 4}