{"lr": 0.0006771973301648997, "gamma": 0.9427906908373456, "hidden_size": 1}