{"lr": 1.25264332569583e-05, "gamma": 0.943681242093925, "hidden_size": 2}