{"lr": 0.0008900357924956366, "gamma": 0.9796797137566032, "hidden_size": 3}