{"lr": 1.9444011034840903e-05, "gamma": 0.9793107991274954, "hidden_size": 4}