{"lr": 0.002156188098878598, "gamma": 0.9746868528896837, "hidden_size": 3}