{"lr": 0.0033377944943383886, "gamma": 0.9891189553615946, "hidden_size": 1}