{"lr": 3.329461648996351e-05, "gamma": 0.9864622426277354, "hidden_size": 4}