{"lr": 0.009731509270997026, "gamma": 0.9108490209451403, "hidden_size": 4}