{"lr": 0.0056261442589696535, "gamma": 0.9432176404884285, "hidden_size": 2}