{"lr": 0.001009644775401216, "gamma": 0.9772176200085381, "hidden_size": 3}