{"lr": 0.009679233906885593, "gamma": 0.9679733493935991, "hidden_size": 3}