{"lr": 1.9973285857298126e-05, "gamma": 0.9234990398930533, "hidden_size": 2}