{"lr": 0.0029248354196695675, "gamma": 0.9802437258520574, "hidden_size": 3}