{"lr": 0.0011369287297082606, "gamma": 0.933660992135541, "hidden_size": 4}