{"lr": 0.001648536662336262, "gamma": 0.9645841379819005, "hidden_size": 2}