{"lr": 0.002139210870918991, "gamma": 0.9863746780661798, "hidden_size": 3}