{"lr": 0.0023602299294513485, "gamma": 0.9590760159250711, "hidden_size": 3}