{"lr": 0.0030019385834858833, "gamma": 0.9621475425255719, "hidden_size": 3}