{"lr": 0.0024979802862146383, "gamma": 0.9195449462468088, "hidden_size": 3}