{"lr": 0.002934120752055414, "gamma": 0.9655013176489687, "hidden_size": 1}