{"lr": 0.005533593020517209, "gamma": 0.9859249336289875, "hidden_size": 2}