{"lr": 0.0010368571446459176, "gamma": 0.9119951387342874, "hidden_size": 4}