{"lr": 1.7125600674893956e-05, "gamma": 0.9005451078764635, "hidden_size": 4}