{"lr": 0.00185632213778928, "gamma": 0.9682723614913431, "hidden_size": 3}