{"lr": 0.001999930859051253, "gamma": 0.9584597323289202, "hidden_size": 4}