{"lr": 0.0032653992534874697, "gamma": 0.9855114801095778, "hidden_size": 2}