{"lr": 0.0035248774854003207, "gamma": 0.9898782532666546, "hidden_size": 3}