{"lr": 0.0004269323513158039, "gamma": 0.9718329917951415, "hidden_size": 3}