{"lr": 0.0019870666761171384, "gamma": 0.9791370810134126, "hidden_size": 3}