{"lr": 6.803227276879318e-05, "gamma": 0.9316381245669882, "hidden_size": 2}