{"lr": 0.0023919883231441753, "gamma": 0.9812433015827173, "hidden_size": 3}