{"lr": 0.0002961809869668087, "gamma": 0.9652136322027595, "hidden_size": 4}