{"lr": 0.0020442278198579667, "gamma": 0.9609830831180863, "hidden_size": 3}