{"lr": 0.0027824340773803576, "gamma": 0.9428292545002857, "hidden_size": 3}