{"lr": 0.0021545148426733588, "gamma": 0.9847006276930198, "hidden_size": 4}