{"lr": 0.0002697440222996841, "gamma": 0.972303552134542, "hidden_size": 4}