{"lr": 0.0008036364635237874, "gamma": 0.9206256148103448, "hidden_size": 4}