{"lr": 0.002812866950425877, "gamma": 0.986184892974407, "hidden_size": 3}