{"lr": 0.0028352313653304067, "gamma": 0.9626169966743493, "hidden_size": 3}