{"lr": 0.0017211933331034632, "gamma": 0.9796020140875172, "hidden_size": 4}