{"lr": 1.7699610925420683e-05, "gamma": 0.980910685291325, "hidden_size": 2}