{"lr": 0.004827968858981286, "gamma": 0.9835560561494956, "hidden_size": 3}