{"lr": 9.344550433433366e-05, "gamma": 0.9510155211964, "hidden_size": 2}