{"lr": 0.003392070330148767, "gamma": 0.9883413415424509, "hidden_size": 3}