{"lr": 0.001447928727404138, "gamma": 0.9872270925275466, "hidden_size": 3}