{"lr": 0.0017521808983583112, "gamma": 0.9664178792213536, "hidden_size": 3}