{"lr": 4.86496653070324e-05, "gamma": 0.9610478899770639, "hidden_size": 3}