{"lr": 0.0034122918188334837, "gamma": 0.906926323584588, "hidden_size": 2}