{"lr": 0.00021552358715646707, "gamma": 0.9486625187542091, "hidden_size": 4}