{"lr": 4.167471946414165e-05, "gamma": 0.9298966015214789, "hidden_size": 2}