{"lr": 2.7019514703646925e-05, "gamma": 0.9528163883837178, "hidden_size": 2}