{"lr": 0.0082661084723496, "gamma": 0.9689901217409475, "hidden_size": 3}