{"lr": 0.0027999784440610846, "gamma": 0.9438350137057352, "hidden_size": 2}