{"lr": 0.006598358454802202, "gamma": 0.9565466133898645, "hidden_size": 3}