{"lr": 0.0006961277355668116, "gamma": 0.9099672826067231, "hidden_size": 4}