{"lr": 0.0001996723916820976, "gamma": 0.9202564429047186, "hidden_size": 4}