{"lr": 2.0785210457083667e-05, "gamma": 0.9618283357958677, "hidden_size": 2}