{"lr": 0.004520024516736297, "gamma": 0.9371684389985411, "hidden_size": 2}