{"lr": 0.005403834749119894, "gamma": 0.9853100663125649, "hidden_size": 2}