{"lr": 0.005619110936203836, "gamma": 0.9349185013126206, "hidden_size": 1}