{"lr": 0.0013010299736979562, "gamma": 0.9741502524919038, "hidden_size": 1}