{"lr": 0.0007521426239520922, "gamma": 0.9720481045193605, "hidden_size": 3}