{"lr": 0.005230349733088215, "gamma": 0.9657602893151253, "hidden_size": 3}