{"lr": 0.0032343684960104385, "gamma": 0.9038380588132252, "hidden_size": 2}