{"lr": 0.004273387793850785, "gamma": 0.9596988385033451, "hidden_size": 2}