{"lr": 0.008319631998998564, "gamma": 0.9667144622716071, "hidden_size": 3}