{"lr": 4.990532846983257e-05, "gamma": 0.9047709797280635, "hidden_size": 4}