{"lr": 0.0063577875680957685, "gamma": 0.9118010368376193, "hidden_size": 1}