{"lr": 0.0009935914057247312, "gamma": 0.9390657199432794, "hidden_size": 1}