{"lr": 0.001947246905205007, "gamma": 0.984354786308017, "hidden_size": 4}