{"lr": 0.001778484697915599, "gamma": 0.9882399614220028, "hidden_size": 3}