{"lr": 0.007187294982418394, "gamma": 0.9415361023313464, "hidden_size": 2}