{"lr": 0.004349359308731839, "gamma": 0.9700789612104779, "hidden_size": 4}