{"lr": 0.007618741242408351, "gamma": 0.9114490399614434, "hidden_size": 2}