{"lr": 0.001646434797225537, "gamma": 0.9789620802353225, "hidden_size": 3}