{"lr": 0.002951705581483259, "gamma": 0.9877710011338989, "hidden_size": 1}