{"lr": 0.00037495930793108456, "gamma": 0.9655055868167898, "hidden_size": 3}