{"lr": 0.0018298055653740394, "gamma": 0.9048388017687652, "hidden_size": 4}