{"lr": 0.0006116819295054697, "gamma": 0.9080399112874356, "hidden_size": 3}