{"lr": 0.00024096867097605669, "gamma": 0.9678626649470814, "hidden_size": 3}