{"lr": 0.002479071378081258, "gamma": 0.9886490932789548, "hidden_size": 3}