{"lr": 0.007207577766240903, "gamma": 0.964562105767855, "hidden_size": 3}