{"lr": 0.0029405711194767704, "gamma": 0.9578293566162053, "hidden_size": 3}