{"lr": 0.005859024928698087, "gamma": 0.9377286948646621, "hidden_size": 4}