{"lr": 0.006328253426231061, "gamma": 0.9541570581506018, "hidden_size": 2}