{"lr": 0.0022709499570068366, "gamma": 0.9678682098241774, "hidden_size": 3}