{"lr": 9.177579476282879e-05, "gamma": 0.9559618083656013, "hidden_size": 3}