{"lr": 0.0011464189867332617, "gamma": 0.9631834330041706, "hidden_size": 3}