{"lr": 0.0005496902611614471, "gamma": 0.9471565740608049, "hidden_size": 3}