{"lr": 0.0005808310988301401, "gamma": 0.9884684915349288, "hidden_size": 3}