{"lr": 4.5626090822802546e-05, "gamma": 0.9116537356306949, "hidden_size": 1}