{"lr": 1.5621301362012136e-05, "gamma": 0.9458365824845284, "hidden_size": 4}