{"lr": 0.0022848458683229506, "gamma": 0.9883378725737187, "hidden_size": 3}