{"lr": 0.002657238011187145, "gamma": 0.9509242336075112, "hidden_size": 3}