{"lr": 0.004320495638385345, "gamma": 0.9700717489781161, "hidden_size": 3}