{"lr": 0.0024073721098223774, "gamma": 0.927993990697782, "hidden_size": 3}