{"lr": 0.009218145358142464, "gamma": 0.946625502836913, "hidden_size": 3}