{"lr": 0.0004475059149721838, "gamma": 0.9104652371240034, "hidden_size": 3}