{"lr": 0.0026729588967929793, "gamma": 0.9661919102498402, "hidden_size": 2}