{"lr": 0.0010792613215726624, "gamma": 0.975160039156606, "hidden_size": 3}