{"lr": 0.0051295749684736065, "gamma": 0.9133802589198738, "hidden_size": 2}