{"lr": 0.0012146811680884089, "gamma": 0.9133927123235278, "hidden_size": 4}