{"lr": 0.0029261618769353325, "gamma": 0.9673286075746457, "hidden_size": 3}