{"lr": 0.0033851978693983857, "gamma": 0.9833863092511457, "hidden_size": 3}