{"lr": 0.002464885783613189, "gamma": 0.9633405542000384, "hidden_size": 3}