{"lr": 0.00020551764387593846, "gamma": 0.9368663055152718, "hidden_size": 4}