{"lr": 0.0048069818582791145, "gamma": 0.9037014254904189, "hidden_size": 2}