{"lr": 2.6212800624106426e-05, "gamma": 0.9008215744352082, "hidden_size": 2}