{"lr": 0.0017035973986152667, "gamma": 0.9852529495831522, "hidden_size": 3}