{"lr": 0.006869654278100109, "gamma": 0.9300456875119916, "hidden_size": 1}