{"lr": 0.002787912868309613, "gamma": 0.9836610103185263, "hidden_size": 1}