{"lr": 0.00660806317195765, "gamma": 0.965417141805945, "hidden_size": 3}