{"lr": 0.001718822280325311, "gamma": 0.9679731496738592, "hidden_size": 4}