{"lr": 0.004777705472550165, "gamma": 0.9513229889391382, "hidden_size": 2}