{"lr": 0.0022929783958157202, "gamma": 0.9730816182957359, "hidden_size": 2}