{"lr": 0.004188326921285914, "gamma": 0.9251164504534507, "hidden_size": 3}