{"lr": 0.0008038198798528159, "gamma": 0.9849333541700647, "hidden_size": 4}