{"lr": 6.372015098273457e-05, "gamma": 0.9470485728348577, "hidden_size": 3}