{"lr": 0.0009358869663178422, "gamma": 0.9750855283791369, "hidden_size": 2}