{"lr": 0.0026958278763374137, "gamma": 0.9853851296014203, "hidden_size": 3}