{"lr": 0.0024233537951637405, "gamma": 0.9898362507530772, "hidden_size": 3}