{"lr": 0.005092164405974603, "gamma": 0.9162954676977135, "hidden_size": 1}