{"lr": 0.003754567760693015, "gamma": 0.9600399037498719, "hidden_size": 2}