{"lr": 0.0022883601244496426, "gamma": 0.9258898815731585, "hidden_size": 1}