{"lr": 0.005028850187745225, "gamma": 0.9844909586491128, "hidden_size": 3}