{"lr": 0.0020672132705425645, "gamma": 0.9566045422682947, "hidden_size": 3}