{"lr": 0.004890659041555914, "gamma": 0.9205586574287485, "hidden_size": 1}