{"lr": 0.002472680327083436, "gamma": 0.987950324750441, "hidden_size": 4}