{"lr": 0.0011783148588383314, "gamma": 0.9700964622304448, "hidden_size": 3}