{"lr": 0.006421066732286292, "gamma": 0.9666678477193946, "hidden_size": 3}