{"lr": 8.356585865022548e-05, "gamma": 0.9360209310715906, "hidden_size": 4}