{"lr": 0.004672410629244145, "gamma": 0.9831591748999161, "hidden_size": 3}