{"lr": 0.0074727808086001175, "gamma": 0.9120818755876261, "hidden_size": 1}