{"lr": 0.007345220836006937, "gamma": 0.9766711757188624, "hidden_size": 2}