{"lr": 1.432475382965992e-05, "gamma": 0.9134638599600087, "hidden_size": 2}