{"lr": 0.0033575483305365882, "gamma": 0.9586241861473613, "hidden_size": 3}