{"lr": 0.0016809910888444485, "gamma": 0.9267573967407897, "hidden_size": 3}