{"lr": 0.003492547663187941, "gamma": 0.9027072941652762, "hidden_size": 1}