{"lr": 0.0025419989246811847, "gamma": 0.9739786529973515, "hidden_size": 2}