{"lr": 0.0057780488818395875, "gamma": 0.9683902144325763, "hidden_size": 3}