{"lr": 0.000999986482175883, "gamma": 0.904240781257352, "hidden_size": 4}