{"lr": 0.00023653622138601496, "gamma": 0.9354319101381943, "hidden_size": 2}