{"lr": 0.005592289977834171, "gamma": 0.9629051109763679, "hidden_size": 4}