{"lr": 0.004280881855212691, "gamma": 0.9503391886687311, "hidden_size": 4}