{"lr": 0.004781252956763786, "gamma": 0.9342851308220771, "hidden_size": 1}