{"lr": 0.004859003057936156, "gamma": 0.9230286051015161, "hidden_size": 2}