{"lr": 0.007783460742097085, "gamma": 0.9425174135504071, "hidden_size": 4}