{"lr": 0.002297185507111505, "gamma": 0.9659339310652819, "hidden_size": 3}