{"lr": 0.008203992030234445, "gamma": 0.9551683610857967, "hidden_size": 3}