{"lr": 0.0036512615931271115, "gamma": 0.9707677295538456, "hidden_size": 3}