{"lr": 0.002978934291945173, "gamma": 0.9899684888387741, "hidden_size": 1}