{"lr": 0.0008763813633791449, "gamma": 0.9780670763166561, "hidden_size": 1}