{"lr": 7.415559037646794e-05, "gamma": 0.9614327315450649, "hidden_size": 3}