{"lr": 0.0002283681416645746, "gamma": 0.9301842615635058, "hidden_size": 4}