{"lr": 0.001564454304930726, "gamma": 0.948768381536465, "hidden_size": 1}