{"lr": 0.0007403332537362721, "gamma": 0.9315996131725301, "hidden_size": 1}