{"lr": 0.0011839738418038352, "gamma": 0.9478730508687215, "hidden_size": 4}