{"lr": 0.003372233638603163, "gamma": 0.9691591397342959, "hidden_size": 3}