{"lr": 0.0033646529493644942, "gamma": 0.9543331379615975, "hidden_size": 3}