{"lr": 0.007721080316220701, "gamma": 0.9618665491371609, "hidden_size": 3}