{"lr": 1.7456234701467605e-05, "gamma": 0.9602352764849355, "hidden_size": 4}