{"lr": 0.009747911475649643, "gamma": 0.9065752945231428, "hidden_size": 3}