{"lr": 0.007267072898988349, "gamma": 0.9328730081605019, "hidden_size": 3}