{"lr": 0.00015459100291441078, "gamma": 0.9210662860853447, "hidden_size": 3}