{"lr": 0.003371419783009742, "gamma": 0.9413762363697045, "hidden_size": 3}