{"lr": 0.0001856351466065357, "gamma": 0.9426573478972435, "hidden_size": 3}