{"lr": 0.0014547001542075126, "gamma": 0.9181288138557342, "hidden_size": 2}