{"lr": 0.0017117933756919195, "gamma": 0.9824829298787776, "hidden_size": 3}