{"lr": 0.006099764134813077, "gamma": 0.9604000120751431, "hidden_size": 3}