{"lr": 0.0021659280234645976, "gamma": 0.9166117856544334, "hidden_size": 4}