{"lr": 0.005732792026284889, "gamma": 0.9286746182561764, "hidden_size": 1}