{"lr": 0.00815498785040984, "gamma": 0.9481466243305516, "hidden_size": 3}