{"lr": 0.00818123604532876, "gamma": 0.9732802370086604, "hidden_size": 1}