{"lr": 0.00514788764285073, "gamma": 0.9103070232555531, "hidden_size": 2}