{"lr": 0.0025102410646331485, "gamma": 0.9664224241590291, "hidden_size": 2}