{"lr": 0.0041686367802599945, "gamma": 0.9845595743791759, "hidden_size": 3}