{"lr": 0.0005242367873224521, "gamma": 0.9761653808197313, "hidden_size": 4}