{"lr": 0.002585388304775329, "gamma": 0.965780091503435, "hidden_size": 3}