{"lr": 0.00013807617389514958, "gamma": 0.9491568377365466, "hidden_size": 4}