{"lr": 0.0014899906057907733, "gamma": 0.9679381159929787, "hidden_size": 1}