{"lr": 0.0021073565111753125, "gamma": 0.972591050111968, "hidden_size": 3}