{"lr": 0.0055358341878547325, "gamma": 0.9104482758801034, "hidden_size": 4}