{"lr": 0.0059813465041873215, "gamma": 0.9683303698683712, "hidden_size": 4}