{"lr": 0.004620548734373861, "gamma": 0.9606330445075696, "hidden_size": 3}