{"lr": 0.0029257655808010014, "gamma": 0.9700079289242617, "hidden_size": 3}