{"lr": 0.00153833057296591, "gamma": 0.988012068013921, "hidden_size": 3}