{"lr": 0.004044724001082128, "gamma": 0.9694610959258916, "hidden_size": 3}