{"lr": 0.004540005733490848, "gamma": 0.9572668778297991, "hidden_size": 1}