{"lr": 0.0015390664429001848, "gamma": 0.9613444974278731, "hidden_size": 1}