{"lr": 0.0009492310342498316, "gamma": 0.9660334227182409, "hidden_size": 4}