{"lr": 0.005351122706288097, "gamma": 0.9671223960280797, "hidden_size": 3}