{"lr": 0.003931447394388945, "gamma": 0.9651543693631253, "hidden_size": 2}