{"lr": 0.005384606283034631, "gamma": 0.941849615852698, "hidden_size": 2}