{"lr": 0.003995068869467755, "gamma": 0.9833232188038066, "hidden_size": 3}