{"lr": 0.009944995342873481, "gamma": 0.9329880984575567, "hidden_size": 4}