{"lr": 0.0030495440640203627, "gamma": 0.9332762495383028, "hidden_size": 3}