{"lr": 0.001522830504854594, "gamma": 0.9004260247504694, "hidden_size": 3}