{"lr": 0.0016724402993046126, "gamma": 0.9288292409876525, "hidden_size": 3}