{"lr": 0.003662790692413441, "gamma": 0.9678909025597492, "hidden_size": 3}