{"lr": 0.0015739710603100158, "gamma": 0.9663331202021958, "hidden_size": 3}