{"lr": 0.0037205432809628387, "gamma": 0.9779804458422321, "hidden_size": 4}