{"lr": 0.0011263942245575255, "gamma": 0.9319595169200289, "hidden_size": 2}