{"lr": 3.275251461763296e-05, "gamma": 0.9717389375037178, "hidden_size": 2}