{"lr": 0.0017224678264814103, "gamma": 0.9727345564636294, "hidden_size": 1}