{"lr": 0.0016472371733461974, "gamma": 0.9881241445444764, "hidden_size": 3}