{"lr": 5.1300482524887044e-05, "gamma": 0.9733483590117823, "hidden_size": 2}