{"lr": 0.00252740299474143, "gamma": 0.9761451669015475, "hidden_size": 3}