{"lr": 0.0019359828539944803, "gamma": 0.9452748553494636, "hidden_size": 3}