{"lr": 0.0037009205444147705, "gamma": 0.9882617679206999, "hidden_size": 3}