{"lr": 0.0004581648506440734, "gamma": 0.959445440896337, "hidden_size": 4}