{"lr": 0.0023243056676145986, "gamma": 0.9795034453341982, "hidden_size": 3}