{"lr": 0.002481679428891474, "gamma": 0.9161941137723215, "hidden_size": 3}