{"lr": 0.0035495872063376907, "gamma": 0.9898570104475999, "hidden_size": 1}