{"lr": 0.003238079707800371, "gamma": 0.9899650630942448, "hidden_size": 3}