{"lr": 0.0011402404361198306, "gamma": 0.9662548615544113, "hidden_size": 3}