{"lr": 0.0015498545479525035, "gamma": 0.9001902509950905, "hidden_size": 1}