{"lr": 0.0010793117098117269, "gamma": 0.9733864311959388, "hidden_size": 4}