{"lr": 2.6237524869460326e-05, "gamma": 0.950604582743421, "hidden_size": 4}