{"lr": 0.00011471322796451228, "gamma": 0.9097504172178579, "hidden_size": 3}