{"lr": 0.005735025374620844, "gamma": 0.9505419514954578, "hidden_size": 3}