{"lr": 0.003090572344619648, "gamma": 0.9572090162353469, "hidden_size": 2}