{"lr": 0.003552511957957183, "gamma": 0.9685319076865467, "hidden_size": 4}