{"lr": 0.0009303723316950813, "gamma": 0.9844562551906528, "hidden_size": 4}