{"lr": 0.0030311101072318103, "gamma": 0.9677176762942503, "hidden_size": 3}