{"lr": 0.004668206996406233, "gamma": 0.9885780927605483, "hidden_size": 3}