{"lr": 0.0013942466513395277, "gamma": 0.91041806714337, "hidden_size": 3}