{"lr": 0.009848925965465423, "gamma": 0.9303080942218402, "hidden_size": 3}