{"lr": 0.0007691550006814758, "gamma": 0.9679630319834881, "hidden_size": 2}