{"lr": 0.0035566108465645676, "gamma": 0.965227184316067, "hidden_size": 3}