{"lr": 0.0061579018670024355, "gamma": 0.9537346436456966, "hidden_size": 3}