{"lr": 0.0013257447307913222, "gamma": 0.9688172031212406, "hidden_size": 3}