{"lr": 0.001289555373776173, "gamma": 0.9614306121391408, "hidden_size": 1}