{"lr": 0.0035948502755824225, "gamma": 0.9888756812543621, "hidden_size": 4}