{"lr": 0.0015189378716420467, "gamma": 0.9881774956438607, "hidden_size": 3}