{"lr": 9.646250236935266e-05, "gamma": 0.9458533190578426, "hidden_size": 3}