{"lr": 2.9714025434162904e-05, "gamma": 0.9164427337841027, "hidden_size": 4}