{"lr": 0.0020748516397790634, "gamma": 0.9710892978867836, "hidden_size": 3}