{"lr": 0.0038873353562546573, "gamma": 0.9150408647271483, "hidden_size": 3}