{"lr": 0.0003750559009429678, "gamma": 0.9281143814177713, "hidden_size": 3}