{"lr": 0.00034007076658035794, "gamma": 0.931642537218349, "hidden_size": 4}