{"lr": 0.0012482953671006441, "gamma": 0.9687829789164913, "hidden_size": 3}