{"lr": 0.0006376869127989504, "gamma": 0.9485458116272671, "hidden_size": 3}