{"lr": 0.0007929525984151143, "gamma": 0.9577818638493405, "hidden_size": 2}