{"lr": 0.0020744896489418322, "gamma": 0.9680046357949113, "hidden_size": 4}