{"lr": 0.003733389130368495, "gamma": 0.9870617563815015, "hidden_size": 2}