{"lr": 0.000437517003301776, "gamma": 0.9709939597446237, "hidden_size": 2}