{"lr": 0.0006142434572416631, "gamma": 0.9858168779008358, "hidden_size": 3}