{"lr": 0.00029671724480980307, "gamma": 0.9872078189687152, "hidden_size": 4}