{"lr": 1.037178895751228e-05, "gamma": 0.9585875693488267, "hidden_size": 4}