{"lr": 0.00013696875771617554, "gamma": 0.9473270854663177, "hidden_size": 3}