{"lr": 0.0013942280348412804, "gamma": 0.9729486290894583, "hidden_size": 3}