{"lr": 0.0028607416067994358, "gamma": 0.9733555668693137, "hidden_size": 3}