{"lr": 0.006680077516986175, "gamma": 0.9000011904595525, "hidden_size": 2}