{"lr": 0.0026033343955165975, "gamma": 0.9883865452451126, "hidden_size": 2}