{"lr": 0.002459679986136766, "gamma": 0.971092353057205, "hidden_size": 3}