{"lr": 0.00016714282968162414, "gamma": 0.9049286979174191, "hidden_size": 4}