{"lr": 0.002620326715055939, "gamma": 0.9797058950226302, "hidden_size": 1}