{"lr": 0.0003225496787191915, "gamma": 0.9551558957576738, "hidden_size": 1}