{"lr": 0.0075711010532256325, "gamma": 0.9024250661846563, "hidden_size": 2}