{"lr": 0.003285148377022758, "gamma": 0.9542569034935618, "hidden_size": 2}