{"lr": 0.001057068151286224, "gamma": 0.973618072070969, "hidden_size": 3}