{"lr": 1.4554793774518429e-05, "gamma": 0.9204582502750414, "hidden_size": 4}