{"lr": 0.0020048523439119437, "gamma": 0.969537841116392, "hidden_size": 3}