{"lr": 0.0017388885057016401, "gamma": 0.9884060957415499, "hidden_size": 3}