{"lr": 0.0023882359738504563, "gamma": 0.9819911972827474, "hidden_size": 4}