{"lr": 0.005888692306559084, "gamma": 0.946867042138736, "hidden_size": 3}