{"lr": 0.0035569870491341847, "gamma": 0.9864607922782613, "hidden_size": 3}