{"lr": 0.004773455361726251, "gamma": 0.9363067820795611, "hidden_size": 4}