{"lr": 0.002163965832457312, "gamma": 0.9898196384672482, "hidden_size": 3}