{"lr": 0.0020959677559348948, "gamma": 0.9084938780424087, "hidden_size": 4}