{"lr": 0.0018294843935470595, "gamma": 0.9670113862048821, "hidden_size": 2}