{"lr": 0.0052956473117009, "gamma": 0.9060249199752503, "hidden_size": 2}