{"lr": 0.008052306801457998, "gamma": 0.9329990416597935, "hidden_size": 3}