{"lr": 0.00043052302281279705, "gamma": 0.9729461377314857, "hidden_size": 2}