{"lr": 0.004881111102293945, "gamma": 0.9383211866952672, "hidden_size": 2}