{"lr": 9.575391889464075e-05, "gamma": 0.9805977802720413, "hidden_size": 3}