{"lr": 6.35060720035854e-05, "gamma": 0.95014327012241, "hidden_size": 2}