{"lr": 0.0017450882585018756, "gamma": 0.9463442659707502, "hidden_size": 2}