{"lr": 0.0025681933369093263, "gamma": 0.9419175822894953, "hidden_size": 3}