{"lr": 0.0052963956419572935, "gamma": 0.9137606224476218, "hidden_size": 4}