{"lr": 0.0014605445825420843, "gamma": 0.9585922893352271, "hidden_size": 3}