{"lr": 0.0017039976240877806, "gamma": 0.9005029389507904, "hidden_size": 3}