{"lr": 0.004828601105144733, "gamma": 0.9883065203050889, "hidden_size": 3}