{"lr": 0.00034019893032422916, "gamma": 0.9703223263020666, "hidden_size": 3}