{"lr": 0.0001765153616324366, "gamma": 0.9594087409836435, "hidden_size": 3}