{"lr": 0.004263097838723649, "gamma": 0.9083950141436253, "hidden_size": 2}