{"lr": 0.000168328585410865, "gamma": 0.9847478929541691, "hidden_size": 1}