{"lr": 0.003712122178363926, "gamma": 0.9639397029895529, "hidden_size": 3}