{"lr": 0.0014116748228755578, "gamma": 0.9769773864611353, "hidden_size": 2}