{"lr": 0.002267266037265003, "gamma": 0.9800855909703547, "hidden_size": 3}