{"lr": 0.0024733380084050365, "gamma": 0.9707333866421979, "hidden_size": 3}