{"lr": 0.0038880534250402923, "gamma": 0.9000823387101722, "hidden_size": 4}