{"lr": 0.004078390582110863, "gamma": 0.9462392152035827, "hidden_size": 3}