{"lr": 0.00919141828224775, "gamma": 0.9419795816795182, "hidden_size": 4}