{"lr": 0.0005431782546432321, "gamma": 0.9575627062528304, "hidden_size": 2}