{"lr": 0.0015838726794034728, "gamma": 0.9593651997633449, "hidden_size": 3}