{"lr": 0.0031860773993280704, "gamma": 0.9819655668097925, "hidden_size": 2}