{"lr": 0.0008896415351717421, "gamma": 0.9646264794387638, "hidden_size": 3}