{"lr": 0.0015274698922152722, "gamma": 0.9596935582094823, "hidden_size": 3}