{"lr": 0.0029631646043258384, "gamma": 0.9405359520355882, "hidden_size": 2}