{"lr": 0.0010926120180739347, "gamma": 0.9571927541433933, "hidden_size": 3}