{"lr": 0.004193285645854297, "gamma": 0.9021183663694508, "hidden_size": 2}