{"lr": 0.002844083657142366, "gamma": 0.9591910309384416, "hidden_size": 1}