{"lr": 0.0013018344605558688, "gamma": 0.9555362302726438, "hidden_size": 4}