{"lr": 0.0038765860642937747, "gamma": 0.9103773158609447, "hidden_size": 4}