{"lr": 0.0032535806739738475, "gamma": 0.906616625600701, "hidden_size": 2}