{"lr": 0.0043404664501163264, "gamma": 0.9579368889889682, "hidden_size": 4}