{"lr": 0.008999395849577811, "gamma": 0.9588941710603676, "hidden_size": 2}