{"lr": 0.0017646900753583452, "gamma": 0.9705289368990643, "hidden_size": 3}