{"lr": 0.0010924205938898247, "gamma": 0.9296583448746669, "hidden_size": 3}