{"lr": 0.002797723420468595, "gamma": 0.9222038503560775, "hidden_size": 3}