{"lr": 0.002833581332503984, "gamma": 0.9834523010161319, "hidden_size": 3}