{"lr": 0.002095952301948837, "gamma": 0.943220997694581, "hidden_size": 4}