{"lr": 0.0021413167671776577, "gamma": 0.9658172553594264, "hidden_size": 3}