{"lr": 0.0016178689350793952, "gamma": 0.9491758366629315, "hidden_size": 3}