{"lr": 0.001221433728575022, "gamma": 0.9384370065942487, "hidden_size": 2}