{"lr": 0.0005366944226968745, "gamma": 0.936162143194666, "hidden_size": 4}