{"lr": 1.3054629451422341e-05, "gamma": 0.9109152889164032, "hidden_size": 3}