{"lr": 6.076332148499923e-05, "gamma": 0.9823605132200336, "hidden_size": 2}