{"lr": 0.00513715589970262, "gamma": 0.9604002788005549, "hidden_size": 3}