{"lr": 0.003047288262173459, "gamma": 0.9872803722029015, "hidden_size": 3}