{"lr": 0.0007751574832353748, "gamma": 0.9835006617858592, "hidden_size": 3}