{"lr": 0.00036603787443485687, "gamma": 0.9047470508710198, "hidden_size": 3}