{"lr": 0.002494022042229928, "gamma": 0.9241527135105568, "hidden_size": 3}