{"lr": 0.0022455158449647865, "gamma": 0.9699712131766686, "hidden_size": 3}