{"lr": 0.0033199663795976564, "gamma": 0.9605218944409029, "hidden_size": 2}