{"lr": 0.00902483565736216, "gamma": 0.9357849518957578, "hidden_size": 3}