{"lr": 0.0017203532830568358, "gamma": 0.9899950442748425, "hidden_size": 3}