{"lr": 0.003591985758793688, "gamma": 0.9098236578296375, "hidden_size": 4}