{"lr": 0.0013466379443050696, "gamma": 0.9815019520869739, "hidden_size": 3}