{"lr": 0.0002955751396676687, "gamma": 0.9452846607631457, "hidden_size": 1}