{"lr": 0.009229147922646208, "gamma": 0.9318290490669378, "hidden_size": 4}