{"lr": 0.0027952995679524128, "gamma": 0.9451507861577386, "hidden_size": 2}