{"lr": 7.361923927022644e-05, "gamma": 0.9556362100183236, "hidden_size": 4}