{"lr": 7.690101342977403e-05, "gamma": 0.9691805755963665, "hidden_size": 3}