{"lr": 0.0039031869762468207, "gamma": 0.9662564566522132, "hidden_size": 3}