{"lr": 0.0033062337274053313, "gamma": 0.9685415993501503, "hidden_size": 1}