{"lr": 1.1321048341735661e-05, "gamma": 0.9314458701009322, "hidden_size": 2}