{"lr": 0.0036809822440981503, "gamma": 0.9746753485026476, "hidden_size": 1}