{"lr": 0.002211312827234707, "gamma": 0.9738022263258808, "hidden_size": 3}