{"lr": 0.004419891981388889, "gamma": 0.9445497529612787, "hidden_size": 3}