{"lr": 0.001808520678175542, "gamma": 0.9564520225424997, "hidden_size": 4}