{"lr": 0.002010163591967361, "gamma": 0.9569210366408193, "hidden_size": 3}