{"lr": 0.0036177123910601313, "gamma": 0.9677266917206641, "hidden_size": 3}