{"lr": 0.00250188543143218, "gamma": 0.9642882196166385, "hidden_size": 3}