{"lr": 0.00012355236216076101, "gamma": 0.9769579780683838, "hidden_size": 4}