{"lr": 0.004294234095549144, "gamma": 0.9526754578167761, "hidden_size": 4}