{"lr": 0.0038255769055670977, "gamma": 0.9885394630943392, "hidden_size": 3}