{"lr": 0.0008047143092154391, "gamma": 0.9459210982964806, "hidden_size": 4}