{"lr": 0.0041027570139725075, "gamma": 0.9819253394379245, "hidden_size": 3}