{"lr": 0.00016345461444999997, "gamma": 0.9315247492965438, "hidden_size": 4}