{"lr": 0.00398077257187988, "gamma": 0.9655928645330987, "hidden_size": 3}