{"lr": 0.006253846426350927, "gamma": 0.9746146689073152, "hidden_size": 4}