{"lr": 0.002609035418608985, "gamma": 0.9549446580150847, "hidden_size": 1}