{"lr": 1.5244000413228777e-05, "gamma": 0.9301886821663595, "hidden_size": 4}