{"lr": 0.006336292675997821, "gamma": 0.9497568861647353, "hidden_size": 3}