{"lr": 5.065972325450607e-05, "gamma": 0.9689267416136238, "hidden_size": 2}