{"lr": 0.0010176935233633206, "gamma": 0.9369017963203947, "hidden_size": 4}