{"lr": 0.00020190353176914109, "gamma": 0.9008336853476097, "hidden_size": 1}