{"lr": 0.006100676993551103, "gamma": 0.9665698068408608, "hidden_size": 3}