{"lr": 0.005594662699454229, "gamma": 0.98258656202872, "hidden_size": 2}