{"lr": 0.005958907412554452, "gamma": 0.940003259557714, "hidden_size": 3}