{"lr": 0.00026027554671058167, "gamma": 0.9523800060043189, "hidden_size": 4}