{"lr": 0.0019737774842569595, "gamma": 0.9753300663049531, "hidden_size": 3}