{"lr": 0.001893754854128125, "gamma": 0.9866338885384557, "hidden_size": 1}