{"lr": 0.002112086365895273, "gamma": 0.9072018562859869, "hidden_size": 1}