{"lr": 2.1861561568265034e-05, "gamma": 0.9869348949392585, "hidden_size": 3}