{"lr": 2.069459606989325e-05, "gamma": 0.9099169181300303, "hidden_size": 4}