{"lr": 0.0009075428195190452, "gamma": 0.9635052911005318, "hidden_size": 3}