{"lr": 0.0004425137468882657, "gamma": 0.915832287882722, "hidden_size": 4}