{"lr": 0.003653756974436446, "gamma": 0.9467561904737193, "hidden_size": 4}