{"lr": 0.002506176129453948, "gamma": 0.9349834497685775, "hidden_size": 3}