{"lr": 0.004265320610183682, "gamma": 0.9657925653432549, "hidden_size": 3}