{"lr": 0.005137867650326332, "gamma": 0.9631900338798882, "hidden_size": 3}