{"lr": 0.001700560464826958, "gamma": 0.9727202486378843, "hidden_size": 3}