{"lr": 0.002665976358355099, "gamma": 0.9061944008182448, "hidden_size": 2}