{"lr": 0.009972296366617618, "gamma": 0.9285419069114031, "hidden_size": 2}