{"lr": 0.000576049472052609, "gamma": 0.9485643563173312, "hidden_size": 3}