{"lr": 0.004894312126595123, "gamma": 0.9744302355902011, "hidden_size": 3}