{"lr": 0.0022431640547926237, "gamma": 0.9805555339943541, "hidden_size": 3}