{"lr": 0.0017870915873857596, "gamma": 0.9844854760085412, "hidden_size": 3}