{"lr": 0.0015279965378536722, "gamma": 0.9441034343150304, "hidden_size": 3}