{"lr": 0.0010892247831872518, "gamma": 0.9819459882075354, "hidden_size": 1}