{"lr": 4.1347897404429334e-05, "gamma": 0.9266584527714042, "hidden_size": 3}