{"lr": 0.0035423305040858553, "gamma": 0.989958731521306, "hidden_size": 3}