{"lr": 0.0005731710262510052, "gamma": 0.9456838756321752, "hidden_size": 4}