{"lr": 6.619255501121618e-05, "gamma": 0.9130442040071902, "hidden_size": 3}