{"lr": 1.4487379165362548e-05, "gamma": 0.9397641881336137, "hidden_size": 4}