{"lr": 0.006642953087771731, "gamma": 0.9705269686611616, "hidden_size": 3}