{"lr": 0.007442378365281017, "gamma": 0.9505415617182752, "hidden_size": 4}