{"lr": 0.002139229946481, "gamma": 0.9823243868665765, "hidden_size": 3}