{"lr": 0.00027742923635858867, "gamma": 0.9829571710860832, "hidden_size": 2}