{"lr": 1.0028603020624074e-05, "gamma": 0.912541522875996, "hidden_size": 4}