{"lr": 0.0005904989434649947, "gamma": 0.9899220650645117, "hidden_size": 3}