{"lr": 0.004406807919334768, "gamma": 0.9577087499083997, "hidden_size": 2}