{"lr": 3.055517119142408e-05, "gamma": 0.9807222529370743, "hidden_size": 2}