{"lr": 0.0006982507078334479, "gamma": 0.9829841254700598, "hidden_size": 3}