{"lr": 0.0017213923489323975, "gamma": 0.9529892974609165, "hidden_size": 2}