{"lr": 0.0012045391544504317, "gamma": 0.9515044252188704, "hidden_size": 2}