{"lr": 0.009182293057551895, "gamma": 0.9481505572771163, "hidden_size": 2}