{"lr": 0.004638263401721965, "gamma": 0.9711311289204614, "hidden_size": 4}