{"lr": 0.0019451850596320939, "gamma": 0.9768106491960649, "hidden_size": 3}