{"lr": 0.005825664354241904, "gamma": 0.9680210687033497, "hidden_size": 3}