{"lr": 0.0036874683014649864, "gamma": 0.9074454180726541, "hidden_size": 4}