{"lr": 0.00043416429129982303, "gamma": 0.9818675626236565, "hidden_size": 3}