{"lr": 0.0037780491707634163, "gamma": 0.9876536948945188, "hidden_size": 3}