{"lr": 0.006246316217880418, "gamma": 0.944183497234245, "hidden_size": 2}