{"lr": 0.0008830156715597821, "gamma": 0.9624449268386435, "hidden_size": 1}