{"lr": 0.002125568390523035, "gamma": 0.9496748197543561, "hidden_size": 2}