{"lr": 0.002046415823018037, "gamma": 0.9583828598230225, "hidden_size": 3}