{"lr": 0.0003798877803123996, "gamma": 0.9724641307809682, "hidden_size": 3}