{"lr": 0.0032351042460631065, "gamma": 0.9730421081933929, "hidden_size": 3}