{"lr": 0.003834076811733146, "gamma": 0.9526890167135843, "hidden_size": 3}