{"lr": 0.002388859386357032, "gamma": 0.9261733835803644, "hidden_size": 1}