{"lr": 0.008884285439670837, "gamma": 0.9150962164588962, "hidden_size": 2}