{"lr": 1.0128579181915376e-05, "gamma": 0.9019460028065983, "hidden_size": 2}