{"lr": 0.000883814853920398, "gamma": 0.9837344991212602, "hidden_size": 3}