{"lr": 0.002054488718184485, "gamma": 0.956496896554438, "hidden_size": 3}