{"lr": 0.0053120408132666976, "gamma": 0.9634780792970958, "hidden_size": 3}