{"lr": 0.002454901423780074, "gamma": 0.9592938467204851, "hidden_size": 4}