{"lr": 0.00010706782198672693, "gamma": 0.9488649829993864, "hidden_size": 3}