{"lr": 0.0012265484766508354, "gamma": 0.9655060237937174, "hidden_size": 3}