{"lr": 0.0006910869939288261, "gamma": 0.9010781435636819, "hidden_size": 4}