{"lr": 0.0003754120707759309, "gamma": 0.9262634392103362, "hidden_size": 4}