{"lr": 0.006318168097906589, "gamma": 0.9085792282107179, "hidden_size": 2}