{"lr": 0.0005305568941256063, "gamma": 0.989683308314766, "hidden_size": 3}