{"lr": 0.0004878233941567356, "gamma": 0.9815144535426085, "hidden_size": 3}