{"lr": 0.0013022386486985793, "gamma": 0.9278403628016139, "hidden_size": 3}