{"lr": 0.0065686342960009315, "gamma": 0.9014342703479148, "hidden_size": 2}