{"lr": 0.0003473820102836624, "gamma": 0.9365526286033778, "hidden_size": 2}