{"lr": 0.00023305151826602538, "gamma": 0.9372683144574955, "hidden_size": 2}