{"lr": 0.0017470501181033628, "gamma": 0.988534538079368, "hidden_size": 3}