{"lr": 0.00037097256852963175, "gamma": 0.9890662292238057, "hidden_size": 2}