{"lr": 2.993605655999987e-05, "gamma": 0.9728107205741787, "hidden_size": 2}