{"lr": 0.007433367640424304, "gamma": 0.9169680571795317, "hidden_size": 1}