{"lr": 0.005349254034385703, "gamma": 0.945825508382258, "hidden_size": 2}