{"lr": 0.0010213758818205174, "gamma": 0.9757529443764311, "hidden_size": 3}