{"lr": 0.0008600233251140939, "gamma": 0.9658040527361477, "hidden_size": 2}