{"lr": 0.008380279417706452, "gamma": 0.9100438712798644, "hidden_size": 2}