{"lr": 0.003061668451298166, "gamma": 0.965379050394086, "hidden_size": 3}