{"lr": 0.0002681460504728129, "gamma": 0.9877553857718087, "hidden_size": 4}