{"lr": 0.008298229330252272, "gamma": 0.9791460549526472, "hidden_size": 1}