{"lr": 0.002658664963869819, "gamma": 0.9702244311922983, "hidden_size": 1}