{"lr": 0.005846165361856254, "gamma": 0.9765906411674966, "hidden_size": 4}