{"lr": 0.0008783523780006408, "gamma": 0.9610676674932219, "hidden_size": 2}