{"lr": 0.0006242823780504568, "gamma": 0.9468982169414137, "hidden_size": 3}