{"lr": 0.0006138230977759029, "gamma": 0.9566684388996466, "hidden_size": 4}