{"lr": 0.0003358599293984443, "gamma": 0.9832426769687431, "hidden_size": 3}