{"lr": 0.0021457065921767745, "gamma": 0.9456531574204854, "hidden_size": 4}