{"lr": 0.005546640164211877, "gamma": 0.9341047855347578, "hidden_size": 4}