{"lr": 0.0017772379408221312, "gamma": 0.919478271589893, "hidden_size": 3}