{"lr": 0.0018110237977634943, "gamma": 0.985898673725822, "hidden_size": 4}