{"lr": 0.003215751883241851, "gamma": 0.968604479516337, "hidden_size": 3}