{"lr": 0.0018303739900820003, "gamma": 0.9219508585888402, "hidden_size": 4}