{"lr": 0.0012098957889178624, "gamma": 0.9719578968060805, "hidden_size": 3}