{"lr": 0.00635986673384745, "gamma": 0.9239726243623663, "hidden_size": 1}