{"lr": 4.1656632288763226e-05, "gamma": 0.9127387589829482, "hidden_size": 2}