{"lr": 0.00641961994617913, "gamma": 0.961148669982815, "hidden_size": 3}