{"lr": 0.002051876180185821, "gamma": 0.9606477930717299, "hidden_size": 2}