{"lr": 0.003735681610925993, "gamma": 0.9718747866168174, "hidden_size": 3}