{"lr": 3.139969545342696e-05, "gamma": 0.9777640079262155, "hidden_size": 4}