{"lr": 0.0005566083226395379, "gamma": 0.9497435331362352, "hidden_size": 3}