{"lr": 0.0012710280865656921, "gamma": 0.9645137976337388, "hidden_size": 4}