{"lr": 0.002018000502037221, "gamma": 0.9596375623009636, "hidden_size": 3}