{"lr": 0.0023482702816211842, "gamma": 0.9657790359424955, "hidden_size": 3}