{"lr": 0.0018992792758771272, "gamma": 0.979857985311999, "hidden_size": 3}