{"lr": 0.00014568604601546676, "gamma": 0.9797937323432918, "hidden_size": 3}