{"lr": 0.0019058972156900792, "gamma": 0.9873650078112882, "hidden_size": 3}