{"lr": 0.0071601354557894945, "gamma": 0.9084831884065372, "hidden_size": 1}