{"lr": 0.00015854182946892025, "gamma": 0.9372983693286066, "hidden_size": 3}