{"lr": 0.0017843897161133086, "gamma": 0.9800721773644301, "hidden_size": 3}