{"lr": 0.0005671748002953166, "gamma": 0.9074617742269971, "hidden_size": 3}