{"lr": 0.0015387072159428064, "gamma": 0.9858690726082651, "hidden_size": 3}