{"lr": 0.0023913134211425305, "gamma": 0.9338088257020107, "hidden_size": 3}