{"lr": 0.00504317167003514, "gamma": 0.9639287406175585, "hidden_size": 3}