{"lr": 0.004255879067939201, "gamma": 0.9101750217637269, "hidden_size": 3}