{"lr": 0.002329937201806419, "gamma": 0.9674468591478063, "hidden_size": 3}