{"lr": 0.003459485483483746, "gamma": 0.9080032248672322, "hidden_size": 2}