{"lr": 0.0016934067596690934, "gamma": 0.9590602185693043, "hidden_size": 2}