{"lr": 0.0013819460504589844, "gamma": 0.9341059098178209, "hidden_size": 3}