{"lr": 0.00024609866861361997, "gamma": 0.9695724792704176, "hidden_size": 3}