{"lr": 0.0018490622741135052, "gamma": 0.9747872282493996, "hidden_size": 3}