{"lr": 0.009488079573123741, "gamma": 0.9873687397958607, "hidden_size": 3}