{"lr": 0.0010575458349117032, "gamma": 0.9391997814840846, "hidden_size": 3}