{"lr": 0.0018338195727680491, "gamma": 0.935979283018469, "hidden_size": 3}