{"lr": 0.0019697382949612013, "gamma": 0.9875140305732013, "hidden_size": 3}