{"lr": 0.0034920731661396147, "gamma": 0.9613302521700593, "hidden_size": 2}