{"lr": 0.002395934782980543, "gamma": 0.961198368748667, "hidden_size": 3}