{"lr": 0.005871972890565357, "gamma": 0.9594567739948915, "hidden_size": 3}