{"lr": 0.00213621942148459, "gamma": 0.9757396716366722, "hidden_size": 3}