{"lr": 0.00614839301617087, "gamma": 0.9362086788895111, "hidden_size": 1}