{"lr": 0.0027187677957945812, "gamma": 0.9397790479098297, "hidden_size": 2}