{"lr": 0.00413204519512903, "gamma": 0.9691448235264105, "hidden_size": 3}