{"lr": 0.001899261395591655, "gamma": 0.9771890680419406, "hidden_size": 3}