{"lr": 0.0004657007425437286, "gamma": 0.9258199474107761, "hidden_size": 4}