{"lr": 0.005977931002084358, "gamma": 0.9651106089458976, "hidden_size": 3}