{"lr": 0.0004447645690754861, "gamma": 0.9311866608497019, "hidden_size": 4}