{"lr": 0.004627239350498543, "gamma": 0.9587991153012051, "hidden_size": 4}