{"lr": 9.66011776161918e-05, "gamma": 0.9124037956636135, "hidden_size": 4}