{"lr": 0.0031589121896680207, "gamma": 0.9612052899552403, "hidden_size": 3}