{"lr": 0.0007550341214019002, "gamma": 0.973605670987835, "hidden_size": 3}