{"lr": 0.0006746474148400143, "gamma": 0.9790063420966161, "hidden_size": 4}