{"lr": 0.002467210173534692, "gamma": 0.967016949364362, "hidden_size": 4}