{"lr": 0.003779974655188663, "gamma": 0.9418094871541867, "hidden_size": 2}