{"lr": 0.0011433439427786796, "gamma": 0.9866124228739058, "hidden_size": 3}