{"lr": 0.0009663221594671731, "gamma": 0.974974591015747, "hidden_size": 3}