{"lr": 0.0011590784556656107, "gamma": 0.9788635412889561, "hidden_size": 3}