{"lr": 0.009767078705920623, "gamma": 0.9652475709880268, "hidden_size": 3}