{"lr": 0.0005594976666912355, "gamma": 0.9126406933114849, "hidden_size": 3}