{"lr": 0.0046880155453466275, "gamma": 0.9711202496842477, "hidden_size": 3}