{"lr": 0.00328911128964749, "gamma": 0.960417569414881, "hidden_size": 2}