{"lr": 0.001823848939340296, "gamma": 0.912818003919864, "hidden_size": 3}