{"lr": 0.0038016413025013856, "gamma": 0.9485057366355907, "hidden_size": 2}