{"lr": 0.0027344519646236524, "gamma": 0.9825898426539666, "hidden_size": 3}