{"lr": 0.0009690063888206411, "gamma": 0.9673449552268015, "hidden_size": 4}