{"lr": 0.0001860191020890012, "gamma": 0.9531078450287747, "hidden_size": 3}