{"lr": 0.0022098295331177344, "gamma": 0.9638127255789815, "hidden_size": 3}