{"lr": 0.00626050121665919, "gamma": 0.9431299482750422, "hidden_size": 3}