{"lr": 0.0033580718055665633, "gamma": 0.9863251906573006, "hidden_size": 3}