{"lr": 0.0032429413576581505, "gamma": 0.9579075579531574, "hidden_size": 4}