{"lr": 0.006471216084368925, "gamma": 0.9192045044326298, "hidden_size": 4}