{"lr": 0.003760112474255275, "gamma": 0.9811795364501407, "hidden_size": 3}