{"lr": 0.002929688047688504, "gamma": 0.9572883235242196, "hidden_size": 3}