{"lr": 0.005098631300707539, "gamma": 0.9636964222630856, "hidden_size": 2}