{"lr": 0.0005977913171616883, "gamma": 0.9674387019750325, "hidden_size": 3}