{"lr": 0.007896468707163224, "gamma": 0.9597820173536457, "hidden_size": 3}