{"lr": 0.0035906126258577584, "gamma": 0.9631176345486463, "hidden_size": 2}