{"lr": 3.5835595000015923e-05, "gamma": 0.9672938220397128, "hidden_size": 3}