{"lr": 0.0015700833843980803, "gamma": 0.9702510670481449, "hidden_size": 3}