{"lr": 0.0037900009318301785, "gamma": 0.9054611407578215, "hidden_size": 2}