{"lr": 0.0005163128205632073, "gamma": 0.9839366257634742, "hidden_size": 3}