{"lr": 0.0016432702665169323, "gamma": 0.9597455534468442, "hidden_size": 1}