{"lr": 0.0014483298517434789, "gamma": 0.9708854095248923, "hidden_size": 3}