{"lr": 0.0005320685105600338, "gamma": 0.9335683460246836, "hidden_size": 2}