{"lr": 0.006318352146191629, "gamma": 0.9723073751947365, "hidden_size": 2}