{"lr": 8.754191558109993e-05, "gamma": 0.9545755879191329, "hidden_size": 3}