{"lr": 0.0005136724943877931, "gamma": 0.9788063234454871, "hidden_size": 3}