{"lr": 0.0009155299099793466, "gamma": 0.9179312929355321, "hidden_size": 3}