{"lr": 6.99087396680365e-05, "gamma": 0.9631676709486332, "hidden_size": 4}