{"lr": 0.004287246201631933, "gamma": 0.9584886496492605, "hidden_size": 3}