{"lr": 0.005715023289867813, "gamma": 0.9531980105703258, "hidden_size": 4}