{"lr": 0.0050682220900661245, "gamma": 0.9641318768475299, "hidden_size": 3}