{"lr": 0.0018369870554671287, "gamma": 0.9886863171455093, "hidden_size": 2}