{"lr": 0.0025068569824913288, "gamma": 0.9609305984109671, "hidden_size": 1}