{"lr": 0.0006518879040160313, "gamma": 0.978468348692231, "hidden_size": 2}