{"lr": 0.0003812915343011064, "gamma": 0.9428447591366299, "hidden_size": 4}