{"lr": 0.0020525617348068153, "gamma": 0.9350532251653774, "hidden_size": 4}