{"lr": 0.004790306969090377, "gamma": 0.9314974934188557, "hidden_size": 1}