{"lr": 0.005589574025934987, "gamma": 0.9665460470960104, "hidden_size": 4}