{"lr": 0.008218190942534821, "gamma": 0.949406854966045, "hidden_size": 3}