{"lr": 0.006264595558933193, "gamma": 0.9545214491224788, "hidden_size": 4}