{"lr": 0.00606316443110866, "gamma": 0.9102606531016899, "hidden_size": 2}