{"lr": 0.003014738439689779, "gamma": 0.9896398171780992, "hidden_size": 3}