{"lr": 0.0008997581241263523, "gamma": 0.9857982882141031, "hidden_size": 2}