{"lr": 0.0084760654634276, "gamma": 0.9190071351370118, "hidden_size": 4}