{"lr": 0.0005087800034673095, "gamma": 0.9588433486888651, "hidden_size": 3}