{"lr": 0.00040635301226610293, "gamma": 0.9362058666833333, "hidden_size": 2}