{"lr": 0.00026570241301036184, "gamma": 0.9495283801040745, "hidden_size": 3}