{"lr": 0.00254251065837949, "gamma": 0.9889536712317433, "hidden_size": 1}