{"lr": 0.004447150622270351, "gamma": 0.9389179899193303, "hidden_size": 1}