{"lr": 0.001408003115226976, "gamma": 0.988337287397204, "hidden_size": 3}