{"lr": 0.004111427458904734, "gamma": 0.97445938987535, "hidden_size": 3}