{"lr": 0.002859027916984167, "gamma": 0.9890678011688211, "hidden_size": 3}