{"lr": 0.0016118709222845207, "gamma": 0.9668487125685025, "hidden_size": 3}