{"lr": 0.0008233847861184361, "gamma": 0.9872338701778777, "hidden_size": 3}