{"lr": 0.0022098437222007688, "gamma": 0.9679184811379845, "hidden_size": 4}