{"lr": 1.0287561420116103e-05, "gamma": 0.9371204263016409, "hidden_size": 2}