{"lr": 0.00010563548280371594, "gamma": 0.9139558269381183, "hidden_size": 4}