{"lr": 0.009802565174860686, "gamma": 0.958686756641746, "hidden_size": 3}