{"lr": 0.0030945437844756363, "gamma": 0.9366352401574071, "hidden_size": 1}