{"lr": 0.006298669273203829, "gamma": 0.9418266229156745, "hidden_size": 2}