{"lr": 0.0015231855778792902, "gamma": 0.9751483947653211, "hidden_size": 3}