{"lr": 0.004285366152002482, "gamma": 0.9620610235117865, "hidden_size": 3}