{"lr": 5.3737676789157876e-05, "gamma": 0.9107796870263074, "hidden_size": 4}