{"lr": 0.0005473725375237131, "gamma": 0.9468945826638309, "hidden_size": 4}