{"lr": 0.0005577131123559279, "gamma": 0.9708205408663481, "hidden_size": 4}