{"lr": 0.0029689771505340056, "gamma": 0.9827911389146373, "hidden_size": 3}