{"lr": 0.0029066006092843054, "gamma": 0.966687906523967, "hidden_size": 3}