{"lr": 6.664572206558851e-05, "gamma": 0.9722793611982894, "hidden_size": 3}