{"lr": 0.0040752276243459975, "gamma": 0.9855540060912128, "hidden_size": 3}