{"lr": 0.0029250644264849383, "gamma": 0.9583394047168067, "hidden_size": 3}