{"lr": 0.00041011469986636034, "gamma": 0.9831690699293575, "hidden_size": 3}