{"lr": 0.0006840798983361827, "gamma": 0.9481465782734835, "hidden_size": 4}