{"lr": 0.0007123526752090965, "gamma": 0.9488485672561374, "hidden_size": 3}