{"lr": 1.7027730170151736e-05, "gamma": 0.9130327980771253, "hidden_size": 4}