{"lr": 0.0013085157495657004, "gamma": 0.9495661823509473, "hidden_size": 2}