{"lr": 0.00874001602580671, "gamma": 0.9056905089962974, "hidden_size": 1}