{"lr": 0.004413881473602317, "gamma": 0.9653494068590239, "hidden_size": 3}