{"lr": 0.0005004317852602183, "gamma": 0.9576747591098672, "hidden_size": 4}