{"lr": 0.00016652940810243206, "gamma": 0.9712749739753412, "hidden_size": 3}