{"lr": 0.0030020402648906494, "gamma": 0.9882142450270895, "hidden_size": 1}