{"lr": 0.006625913528146422, "gamma": 0.9762913521820537, "hidden_size": 3}