{"lr": 0.002332408745910248, "gamma": 0.9685703730792298, "hidden_size": 3}