{"lr": 0.004497913124202908, "gamma": 0.9405347752300647, "hidden_size": 3}