{"lr": 0.00037716244089296727, "gamma": 0.955615280837211, "hidden_size": 3}