{"lr": 0.0013280654092070003, "gamma": 0.9726049149725017, "hidden_size": 3}