{"lr": 0.0020421218294483807, "gamma": 0.9818642630522809, "hidden_size": 3}