{"lr": 5.4780076888239184e-05, "gamma": 0.9264339034397749, "hidden_size": 2}