{"lr": 0.00016252936070720576, "gamma": 0.9812401691218757, "hidden_size": 3}