{"lr": 6.932888398330042e-05, "gamma": 0.9273930687025611, "hidden_size": 4}