{"lr": 0.001805825416543723, "gamma": 0.9876549046223054, "hidden_size": 3}