{"lr": 0.002685931426261508, "gamma": 0.9606561460313124, "hidden_size": 2}