{"lr": 0.0016311479499757963, "gamma": 0.9897122019019806, "hidden_size": 2}