{"lr": 0.0018830495795980357, "gamma": 0.9866516305095046, "hidden_size": 3}