{"lr": 6.155800613468619e-05, "gamma": 0.9687590756766677, "hidden_size": 4}