{"lr": 0.0038722774004825234, "gamma": 0.9650477008452804, "hidden_size": 3}