{"lr": 0.0028494698594810556, "gamma": 0.9899406406659158, "hidden_size": 3}