{"lr": 0.0033471592904037286, "gamma": 0.9338440174002985, "hidden_size": 3}