{"lr": 0.004650674279057827, "gamma": 0.9191123747782595, "hidden_size": 4}