{"lr": 0.003021587579659198, "gamma": 0.9650367030805052, "hidden_size": 3}