{"lr": 4.2925211912492565e-05, "gamma": 0.9144878445409592, "hidden_size": 3}