{"lr": 1.667420683273684e-05, "gamma": 0.9524831211477331, "hidden_size": 3}