{"lr": 2.1530849602685363e-05, "gamma": 0.9246369660311646, "hidden_size": 4}