{"lr": 0.002822908594274487, "gamma": 0.9683684655888789, "hidden_size": 3}