{"lr": 0.0004225905507126372, "gamma": 0.9422097253564399, "hidden_size": 3}