{"lr": 0.0021175800339491378, "gamma": 0.9719281275634046, "hidden_size": 3}