{"lr": 0.0017470203579676576, "gamma": 0.9501823498949553, "hidden_size": 1}