{"lr": 0.0030858140929479246, "gamma": 0.9650129678719814, "hidden_size": 3}