{"lr": 0.0013569865905530534, "gamma": 0.9515817085942709, "hidden_size": 3}