{"lr": 0.0014155360691748436, "gamma": 0.9752791384900732, "hidden_size": 3}