{"lr": 0.004385305650484626, "gamma": 0.9839542316878237, "hidden_size": 3}