{"lr": 0.000672607106915642, "gamma": 0.9854534298787629, "hidden_size": 2}