{"lr": 0.004507986804780058, "gamma": 0.9607620469798885, "hidden_size": 2}