{"lr": 0.00041545890557809245, "gamma": 0.9488054203722153, "hidden_size": 2}