{"lr": 0.00025048586716878036, "gamma": 0.9879752798912953, "hidden_size": 4}