{"lr": 0.002177200093831818, "gamma": 0.9766574022310953, "hidden_size": 3}