{"lr": 0.0029665852931636924, "gamma": 0.9732507790654487, "hidden_size": 4}