{"lr": 1.020394036652118e-05, "gamma": 0.9031417181715335, "hidden_size": 4}