{"lr": 0.009196053668139819, "gamma": 0.9750443797842169, "hidden_size": 3}