{"lr": 0.0028084832383933815, "gamma": 0.921046656284291, "hidden_size": 3}