{"lr": 0.0039207873701588005, "gamma": 0.9095447476085411, "hidden_size": 2}