{"lr": 0.00787048737370362, "gamma": 0.9505896221615291, "hidden_size": 1}