{"lr": 0.00027684056651204283, "gamma": 0.9678589210279785, "hidden_size": 2}