{"lr": 0.0005649733502540547, "gamma": 0.9094125968976816, "hidden_size": 4}