{"lr": 0.005387638219807516, "gamma": 0.9507350785423654, "hidden_size": 3}