{"lr": 0.000369550872986039, "gamma": 0.9765542079989313, "hidden_size": 3}