{"lr": 0.0032950813041803333, "gamma": 0.9779249779520712, "hidden_size": 4}