{"lr": 0.0019026367662712288, "gamma": 0.978123171974129, "hidden_size": 3}