{"lr": 0.0019475585668444473, "gamma": 0.9871167347440652, "hidden_size": 3}