{"lr": 0.001395796490872801, "gamma": 0.9152807677012288, "hidden_size": 2}