{"lr": 0.0010202963576224013, "gamma": 0.9896042777661306, "hidden_size": 2}