{"lr": 0.0004803738973144784, "gamma": 0.9238943027340191, "hidden_size": 4}