{"lr": 0.0037576010950216097, "gamma": 0.9749215370027137, "hidden_size": 3}