{"lr": 0.0041272800512250135, "gamma": 0.9313552542237139, "hidden_size": 1}