{"lr": 0.0015566936860818468, "gamma": 0.9472286179657288, "hidden_size": 4}