{"lr": 0.0022564891479873537, "gamma": 0.9643243515555007, "hidden_size": 3}