{"lr": 0.008530033037621069, "gamma": 0.9610256529654431, "hidden_size": 3}