{"lr": 0.0026154378052337833, "gamma": 0.9860144658178789, "hidden_size": 3}