{"lr": 0.0024178996215122738, "gamma": 0.981046670394178, "hidden_size": 3}