{"lr": 0.000683346801098473, "gamma": 0.9680708623899894, "hidden_size": 3}