{"lr": 1.3639244107098965e-05, "gamma": 0.9536203494082036, "hidden_size": 4}