{"lr": 0.0039232542321067185, "gamma": 0.9165234864182051, "hidden_size": 3}