{"lr": 0.00021097028441977172, "gamma": 0.9250090015148184, "hidden_size": 4}