{"lr": 0.0014045135820628639, "gamma": 0.9723668574108272, "hidden_size": 3}