{"lr": 0.008711183562870227, "gamma": 0.9015238109082576, "hidden_size": 3}