{"lr": 0.0005064156397500947, "gamma": 0.9006314300864455, "hidden_size": 4}