{"lr": 0.004293413241404578, "gamma": 0.9611403219690645, "hidden_size": 2}