{"lr": 0.0038833262286612556, "gamma": 0.9729882365668704, "hidden_size": 3}