{"lr": 0.004639310315978814, "gamma": 0.9781356816419186, "hidden_size": 3}