{"lr": 0.001007491822326388, "gamma": 0.9703445068256731, "hidden_size": 3}