{"lr": 0.0019153863122545335, "gamma": 0.9761657284003703, "hidden_size": 3}