{"lr": 0.003927533274864788, "gamma": 0.9681179596081798, "hidden_size": 3}