{"lr": 0.0038213027203501167, "gamma": 0.9105967395802171, "hidden_size": 3}