{"lr": 0.0033776660779370853, "gamma": 0.9243139244537567, "hidden_size": 4}