{"lr": 0.007841126577038716, "gamma": 0.9178759782556949, "hidden_size": 4}