{"lr": 0.002436352329350006, "gamma": 0.9438886083059607, "hidden_size": 4}