{"lr": 2.295679576988539e-05, "gamma": 0.9137351805735071, "hidden_size": 4}