{"lr": 0.0016769952148676772, "gamma": 0.9824529605966678, "hidden_size": 4}