{"lr": 0.000201031696071007, "gamma": 0.9142063189159215, "hidden_size": 2}