{"lr": 0.005168769722676458, "gamma": 0.9280362922823966, "hidden_size": 3}