{"lr": 0.0030833208672165872, "gamma": 0.9764606348615016, "hidden_size": 1}