{"lr": 0.0017676642318833428, "gamma": 0.9698805782206381, "hidden_size": 1}