{"lr": 0.0002251903754442196, "gamma": 0.9239536226565535, "hidden_size": 3}