{"lr": 0.0002854315659154351, "gamma": 0.9554223103015221, "hidden_size": 2}