{"lr": 0.0011269959203706814, "gamma": 0.9858864233158015, "hidden_size": 3}