{"lr": 0.004039407441910871, "gamma": 0.9766307280178185, "hidden_size": 4}