{"lr": 0.007540066844810525, "gamma": 0.9564942498252396, "hidden_size": 3}