{"lr": 0.006775227755885768, "gamma": 0.9158639660528676, "hidden_size": 3}