{"lr": 0.001314851560823433, "gamma": 0.9412239812019029, "hidden_size": 2}