{"lr": 0.002690677499243883, "gamma": 0.9716524266541808, "hidden_size": 3}