{"lr": 0.004382201739424888, "gamma": 0.9823882436194409, "hidden_size": 3}