{"lr": 1.4620123734594282e-05, "gamma": 0.900969110286177, "hidden_size": 2}