{"lr": 0.003735600135067823, "gamma": 0.9539162023927289, "hidden_size": 1}