{"lr": 0.002731503907553413, "gamma": 0.9686309355049192, "hidden_size": 3}