{"lr": 0.005298083107706029, "gamma": 0.9519920892830044, "hidden_size": 3}