{"lr": 0.00042425519814239134, "gamma": 0.9805106641346292, "hidden_size": 4}