{"lr": 4.3607504812824034e-05, "gamma": 0.9221293350755246, "hidden_size": 2}