{"lr": 0.009232488334546552, "gamma": 0.9566762316310664, "hidden_size": 3}