{"lr": 0.006351292380510529, "gamma": 0.9541604642337594, "hidden_size": 3}