{"lr": 0.009624336370455074, "gamma": 0.9392659075982842, "hidden_size": 1}