{"lr": 0.006824571916910989, "gamma": 0.9637182477369934, "hidden_size": 3}