{"lr": 0.0016408266442201162, "gamma": 0.9316121411107241, "hidden_size": 3}