{"lr": 1.1050881663160002e-05, "gamma": 0.9341299602125568, "hidden_size": 4}