{"lr": 0.0011209317417227983, "gamma": 0.9389596012183283, "hidden_size": 3}