{"lr": 0.0022820075358323216, "gamma": 0.9576396197071988, "hidden_size": 3}