{"lr": 0.0001422882898992696, "gamma": 0.9762834184462149, "hidden_size": 3}