{"lr": 0.0028025416524861384, "gamma": 0.9593768218660409, "hidden_size": 4}