{"lr": 0.005234651081450365, "gamma": 0.9533616899335706, "hidden_size": 2}