{"lr": 0.001749790704874124, "gamma": 0.9879904402329951, "hidden_size": 3}