{"lr": 0.00845104443585919, "gamma": 0.9598571242756381, "hidden_size": 4}