{"lr": 0.0015740640109365438, "gamma": 0.9630935195589772, "hidden_size": 3}