{"lr": 0.001416336220294928, "gamma": 0.9612631098202803, "hidden_size": 3}