{"lr": 1.144974580925827e-05, "gamma": 0.9893323187139149, "hidden_size": 3}