{"lr": 0.007216461316915765, "gamma": 0.9325349914246112, "hidden_size": 1}