{"lr": 0.007788220693250476, "gamma": 0.9761277918106404, "hidden_size": 3}