{"lr": 0.0009958771419619544, "gamma": 0.9746165538959533, "hidden_size": 3}