{"lr": 0.0014850602986784735, "gamma": 0.9620694122018966, "hidden_size": 2}