{"lr": 0.0018487762166338288, "gamma": 0.9895134250122121, "hidden_size": 3}