{"lr": 0.008094791524743055, "gamma": 0.9262904060807985, "hidden_size": 1}