{"lr": 0.00017200704610155325, "gamma": 0.9569753975705115, "hidden_size": 1}