{"lr": 5.3616545909019984e-05, "gamma": 0.9547238460416937, "hidden_size": 2}