{"lr": 0.00428335017703258, "gamma": 0.9147598234216393, "hidden_size": 2}