{"lr": 0.0010370294807367365, "gamma": 0.9412081976285869, "hidden_size": 1}