{"lr": 0.00010476632281417222, "gamma": 0.9776592248069851, "hidden_size": 3}