{"lr": 0.0015501995085274065, "gamma": 0.9670250899608732, "hidden_size": 1}