{"lr": 0.009784288488767334, "gamma": 0.9702049629328732, "hidden_size": 2}