{"lr": 0.0017291579088178214, "gamma": 0.9718457297501005, "hidden_size": 3}