{"lr": 0.0070926320272689655, "gamma": 0.9638835623746682, "hidden_size": 3}