{"lr": 0.003774411651136421, "gamma": 0.9836416728493661, "hidden_size": 3}