{"lr": 0.00032649745487764946, "gamma": 0.9416275249605248, "hidden_size": 4}