{"lr": 0.0036561434111061293, "gamma": 0.9639226649134671, "hidden_size": 1}