{"lr": 5.2684162085344216e-05, "gamma": 0.9007085597741118, "hidden_size": 3}