{"lr": 1.2790758780489405e-05, "gamma": 0.9431584651589066, "hidden_size": 2}