{"lr": 0.0062266139285654986, "gamma": 0.904949832162413, "hidden_size": 2}