{"lr": 0.0021093469780115565, "gamma": 0.9832880610493204, "hidden_size": 3}