{"lr": 0.002108787756410513, "gamma": 0.9842086459178487, "hidden_size": 3}