{"lr": 0.003475388425766741, "gamma": 0.9802282253564584, "hidden_size": 3}