{"lr": 0.0034496670184600707, "gamma": 0.9848745451431927, "hidden_size": 3}