{"lr": 1.1704029861508586e-05, "gamma": 0.932510165786001, "hidden_size": 3}