{"lr": 0.0013365842770418203, "gamma": 0.9571039536544403, "hidden_size": 2}