{"lr": 1.9525898013399397e-05, "gamma": 0.9861251164420328, "hidden_size": 1}