{"lr": 0.005513440893007269, "gamma": 0.9590354158930646, "hidden_size": 3}