{"lr": 0.0029231770381600367, "gamma": 0.9637563990909278, "hidden_size": 3}