{"lr": 0.00012157167999716907, "gamma": 0.9001894463771635, "hidden_size": 3}