{"lr": 5.891290538798806e-05, "gamma": 0.9178621642098587, "hidden_size": 3}