{"lr": 0.0025772602338170617, "gamma": 0.9898361984240719, "hidden_size": 3}