{"lr": 0.002616848003445825, "gamma": 0.9581578564079903, "hidden_size": 3}