{"lr": 0.0075136606796759, "gamma": 0.9601285789045406, "hidden_size": 3}