{"lr": 0.002837690714640744, "gamma": 0.942597981517802, "hidden_size": 4}