{"lr": 0.006012230794435802, "gamma": 0.9414621282781943, "hidden_size": 1}