{"lr": 0.0013115808037282956, "gamma": 0.9536087348154906, "hidden_size": 3}