{"lr": 0.006126310711186821, "gamma": 0.9044541507258903, "hidden_size": 2}