{"lr": 5.4099222979260705e-05, "gamma": 0.9162902289503362, "hidden_size": 4}