{"lr": 0.0023637800706836297, "gamma": 0.9602669010503269, "hidden_size": 3}