{"lr": 0.004003968608798503, "gamma": 0.9663266274374608, "hidden_size": 3}