{"lr": 0.003222747697180273, "gamma": 0.9020031969637885, "hidden_size": 2}