{"lr": 0.00040972865688864807, "gamma": 0.9887860109619809, "hidden_size": 2}