{"lr": 0.003871432564737802, "gamma": 0.9759547335219947, "hidden_size": 4}