{"lr": 0.0011240219813943388, "gamma": 0.9754764986939771, "hidden_size": 3}