{"lr": 0.0008273430831252977, "gamma": 0.9805958888329954, "hidden_size": 2}