{"lr": 0.0005152285182851733, "gamma": 0.9893329669968024, "hidden_size": 2}