{"lr": 0.002868251379832033, "gamma": 0.9879697285590499, "hidden_size": 3}