{"lr": 0.00047553171113274276, "gamma": 0.9270406059309788, "hidden_size": 2}