{"lr": 0.0007789725316926948, "gamma": 0.9352766916440856, "hidden_size": 3}