{"lr": 0.0025910515983378567, "gamma": 0.9710557255223594, "hidden_size": 2}