{"lr": 0.00019801391028173148, "gamma": 0.979941857608579, "hidden_size": 3}