{"lr": 0.003680130763695355, "gamma": 0.986506226785588, "hidden_size": 3}