{"lr": 0.0007042103230401225, "gamma": 0.9662582702000595, "hidden_size": 3}