{"lr": 0.009766287252962344, "gamma": 0.9397232242648901, "hidden_size": 4}