{"lr": 0.0026580588601381712, "gamma": 0.9407120219321254, "hidden_size": 3}