{"lr": 0.004715023445724118, "gamma": 0.9701229406553165, "hidden_size": 3}