{"lr": 3.0874131009227876e-05, "gamma": 0.9299948999861777, "hidden_size": 4}