{"lr": 6.962605006393448e-05, "gamma": 0.9394701519287502, "hidden_size": 3}