{"lr": 0.0030749003683841385, "gamma": 0.9542119905355787, "hidden_size": 3}