{"lr": 0.001588151338856134, "gamma": 0.984415543669979, "hidden_size": 3}