{"lr": 0.0021727824915189907, "gamma": 0.9899729006081067, "hidden_size": 3}