{"lr": 0.007062668853649579, "gamma": 0.9383328326112458, "hidden_size": 1}