{"lr": 0.0003601147965139092, "gamma": 0.9857494542778866, "hidden_size": 4}