{"lr": 0.0017936781782267681, "gamma": 0.9497134821330387, "hidden_size": 3}