{"lr": 1.2714902197120558e-05, "gamma": 0.9556496009726452, "hidden_size": 2}