{"lr": 0.0032266577135668714, "gamma": 0.9602042993148573, "hidden_size": 3}