{"lr": 0.0015180217110606529, "gamma": 0.955849159408958, "hidden_size": 2}