{"lr": 0.004289274075028009, "gamma": 0.9894871302567408, "hidden_size": 3}