{"lr": 0.004085361953015035, "gamma": 0.9450889775174054, "hidden_size": 3}