{"lr": 0.0016758698563456905, "gamma": 0.9807301734479549, "hidden_size": 3}