{"lr": 0.001782151379551769, "gamma": 0.9664385419408306, "hidden_size": 2}