{"lr": 0.0006251645486588954, "gamma": 0.9563014505311092, "hidden_size": 3}