{"lr": 0.0038481396372609315, "gamma": 0.9859094125564192, "hidden_size": 3}