{"lr": 0.007583841850551319, "gamma": 0.9113051179873092, "hidden_size": 1}