{"lr": 0.005401225154023894, "gamma": 0.9180787531190538, "hidden_size": 4}