{"lr": 0.005034025244884599, "gamma": 0.9057719091655944, "hidden_size": 2}