{"lr": 0.007111677675120932, "gamma": 0.9878191844689855, "hidden_size": 3}