{"lr": 6.135184121630815e-05, "gamma": 0.9855746339184346, "hidden_size": 3}