{"lr": 0.0014212821522650778, "gamma": 0.9850496614515801, "hidden_size": 3}