{"lr": 0.0027229360642805466, "gamma": 0.9442517722150308, "hidden_size": 3}