{"lr": 0.00013230275340401544, "gamma": 0.9824935010260123, "hidden_size": 4}