{"lr": 0.005927976155643633, "gamma": 0.9648139842209923, "hidden_size": 3}