{"lr": 0.0015722485060467915, "gamma": 0.9880559939876504, "hidden_size": 3}