{"lr": 0.000816186089858582, "gamma": 0.9734236954140344, "hidden_size": 3}