{"lr": 0.0019983198666298223, "gamma": 0.9697823571625279, "hidden_size": 3}