{"lr": 0.000161093583075932, "gamma": 0.9334449759843738, "hidden_size": 1}