{"lr": 0.003202360376434934, "gamma": 0.9680939151134812, "hidden_size": 3}