{"lr": 0.0008847429612818521, "gamma": 0.972475937194351, "hidden_size": 3}