{"lr": 0.0004707714034507329, "gamma": 0.9678031711184145, "hidden_size": 3}