{"lr": 0.0021109398871867165, "gamma": 0.9784417244962632, "hidden_size": 3}