{"lr": 0.0009510260119760826, "gamma": 0.945127833605136, "hidden_size": 4}