{"lr": 0.0034865023058218035, "gamma": 0.9747710180307982, "hidden_size": 3}