{"lr": 0.0022641335078177893, "gamma": 0.9361720046077648, "hidden_size": 4}