{"lr": 0.0030642181439004186, "gamma": 0.9667133439507817, "hidden_size": 1}