{"lr": 6.681163180928533e-05, "gamma": 0.954092990671333, "hidden_size": 2}