{"lr": 0.002602452932325885, "gamma": 0.9882573166474158, "hidden_size": 3}