{"lr": 0.006853662995433311, "gamma": 0.9656761936686088, "hidden_size": 3}