{"lr": 0.008256017665828046, "gamma": 0.9537880653093157, "hidden_size": 4}