{"lr": 0.009571273977983947, "gamma": 0.9516205811966917, "hidden_size": 1}