{"lr": 0.0033453633957674384, "gamma": 0.986658339054273, "hidden_size": 3}