{"lr": 0.0025496124150174385, "gamma": 0.9283552901155372, "hidden_size": 3}