{"lr": 0.004269561430208517, "gamma": 0.9065882245227066, "hidden_size": 2}