{"lr": 1.3637558294391181e-05, "gamma": 0.9276198350220551, "hidden_size": 4}