{"lr": 0.00013333512469879388, "gamma": 0.9631468534538092, "hidden_size": 3}