{"lr": 0.0061950468789579395, "gamma": 0.9410943849880995, "hidden_size": 3}