{"lr": 0.0013955069452648192, "gamma": 0.9674444510858411, "hidden_size": 4}