{"lr": 1.2459248163431118e-05, "gamma": 0.9558382017023042, "hidden_size": 3}