{"lr": 0.004530653029936446, "gamma": 0.9181339953402358, "hidden_size": 1}