{"lr": 1.753321701408745e-05, "gamma": 0.9761972538825036, "hidden_size": 4}