{"lr": 0.0006642464410565427, "gamma": 0.9707888049034483, "hidden_size": 3}