{"lr": 0.0012491236524887598, "gamma": 0.9613473024523469, "hidden_size": 3}