{"lr": 0.004094719741791156, "gamma": 0.9073940200630919, "hidden_size": 2}