{"lr": 0.0048999199491648335, "gamma": 0.9553012747119844, "hidden_size": 3}