{"lr": 0.0021617458356297616, "gamma": 0.9753802626463253, "hidden_size": 3}