{"lr": 0.0022900097264694154, "gamma": 0.9880402595534046, "hidden_size": 3}