{"lr": 0.005506515708686218, "gamma": 0.967217252240904, "hidden_size": 3}