{"lr": 0.005962472992176096, "gamma": 0.9270213614116378, "hidden_size": 1}