{"lr": 0.0033914972167433445, "gamma": 0.9805484273032947, "hidden_size": 4}