{"lr": 0.0047214225413591965, "gamma": 0.9669203072942033, "hidden_size": 2}