{"lr": 0.0003429125239011981, "gamma": 0.9506772588553415, "hidden_size": 3}