{"lr": 0.0012423676274485637, "gamma": 0.9589898370115189, "hidden_size": 3}