{"lr": 0.0036425815339557886, "gamma": 0.9460743660261048, "hidden_size": 4}