{"lr": 0.003874370986414345, "gamma": 0.9628551696507787, "hidden_size": 2}