{"lr": 0.0027357697159544757, "gamma": 0.9816750977730263, "hidden_size": 3}