{"lr": 0.0023798873387661135, "gamma": 0.9636330051993042, "hidden_size": 3}