{"lr": 0.004520492295787066, "gamma": 0.9881776078395044, "hidden_size": 3}