{"lr": 0.003288459676882276, "gamma": 0.9742541079725531, "hidden_size": 4}