{"lr": 0.002764722912806084, "gamma": 0.9478804996293749, "hidden_size": 3}