{"lr": 0.0036602341504718087, "gamma": 0.9573916040060537, "hidden_size": 3}