{"lr": 0.0015407266834131382, "gamma": 0.9511480881554333, "hidden_size": 2}