{"lr": 0.0001636599428364497, "gamma": 0.9654958095019126, "hidden_size": 3}