{"lr": 0.0021316974236029775, "gamma": 0.9590068111766153, "hidden_size": 3}