{"lr": 0.0007357097215396579, "gamma": 0.9870262064830814, "hidden_size": 3}