{"lr": 0.00033120052474701816, "gamma": 0.9843653849991946, "hidden_size": 3}