{"lr": 0.008104898047335237, "gamma": 0.9002703003175365, "hidden_size": 4}