{"lr": 0.0017375983587922075, "gamma": 0.9817157167402822, "hidden_size": 3}