{"lr": 0.0002957741391669255, "gamma": 0.908359374139133, "hidden_size": 3}