{"lr": 0.003235368010450332, "gamma": 0.984748966922464, "hidden_size": 3}