{"lr": 0.0006758289399063655, "gamma": 0.9615554864985619, "hidden_size": 4}