{"lr": 0.0028510879074349848, "gamma": 0.9059857102660555, "hidden_size": 4}