{"lr": 0.0015780686731287359, "gamma": 0.9876357642953797, "hidden_size": 3}