{"lr": 0.0007278271540080406, "gamma": 0.9220125036714597, "hidden_size": 3}