{"lr": 0.002727371026105254, "gamma": 0.9092121147453944, "hidden_size": 4}