{"lr": 0.004889439569200865, "gamma": 0.9520869977522491, "hidden_size": 3}