{"lr": 0.0076394325080060286, "gamma": 0.9017306604131676, "hidden_size": 2}