{"lr": 0.002137870202489665, "gamma": 0.9883310465548688, "hidden_size": 3}