{"lr": 0.0013591395299729944, "gamma": 0.9682497084865926, "hidden_size": 3}