{"lr": 0.0008394960685087423, "gamma": 0.9693752350731956, "hidden_size": 3}