{"lr": 0.000547798172098164, "gamma": 0.9821919094984007, "hidden_size": 4}