{"lr": 3.618440275878826e-05, "gamma": 0.9086130998539738, "hidden_size": 3}