{"lr": 0.0004994970706025589, "gamma": 0.9557074965346486, "hidden_size": 3}