{"lr": 2.1949685046267362e-05, "gamma": 0.9441402007363882, "hidden_size": 2}