{"lr": 0.005903049264145252, "gamma": 0.9026123085085391, "hidden_size": 2}