{"lr": 0.0005992097367990683, "gamma": 0.9227011906957118, "hidden_size": 4}