{"lr": 0.001435817150497225, "gamma": 0.90990484069655, "hidden_size": 2}