{"lr": 0.0034755215351482565, "gamma": 0.9899418344990396, "hidden_size": 3}