{"lr": 0.00029426131803942925, "gamma": 0.9884078909766877, "hidden_size": 3}