{"lr": 0.0022269446682199718, "gamma": 0.981287536779355, "hidden_size": 3}