{"lr": 0.002899220883462575, "gamma": 0.9091175391554271, "hidden_size": 2}