{"lr": 0.004199711031573047, "gamma": 0.9854101759707108, "hidden_size": 3}