{"lr": 0.0026026229289552857, "gamma": 0.9829118595697434, "hidden_size": 3}