{"lr": 0.0030208216207248126, "gamma": 0.9622644067771905, "hidden_size": 2}