{"lr": 0.001899526703472123, "gamma": 0.9760954496877213, "hidden_size": 3}