{"lr": 0.003545062704459627, "gamma": 0.962511840025878, "hidden_size": 3}