{"lr": 0.00010350898513773757, "gamma": 0.9021176132086944, "hidden_size": 1}