{"lr": 0.0024396306239829724, "gamma": 0.9825022624209243, "hidden_size": 3}