{"lr": 0.0030475593604211574, "gamma": 0.9684200207679619, "hidden_size": 3}