{"lr": 0.0013874620083686106, "gamma": 0.9425451273716556, "hidden_size": 3}