{"lr": 0.0023501727006022353, "gamma": 0.9040956521776758, "hidden_size": 1}