{"lr": 0.0014749636553701554, "gamma": 0.9379538713358525, "hidden_size": 3}