{"lr": 0.003236620722527451, "gamma": 0.9609152083354223, "hidden_size": 2}