{"lr": 0.006278028017375862, "gamma": 0.94158796161449, "hidden_size": 4}