{"lr": 0.0006519495736156419, "gamma": 0.9225202728381299, "hidden_size": 4}