{"lr": 0.0008870341611761885, "gamma": 0.906934674207684, "hidden_size": 3}