{"lr": 0.002149002194189453, "gamma": 0.9880420726849577, "hidden_size": 3}