{"lr": 0.003690671536083953, "gamma": 0.9621391830739899, "hidden_size": 3}