{"lr": 0.0017605804697451584, "gamma": 0.9871353005590556, "hidden_size": 3}