{"lr": 0.00013725396388410314, "gamma": 0.9668396661144603, "hidden_size": 3}