{"lr": 0.0012060823297001695, "gamma": 0.9706153435226537, "hidden_size": 3}