{"lr": 0.001156330381937137, "gamma": 0.932544042585724, "hidden_size": 2}