{"lr": 8.888588813230106e-05, "gamma": 0.964228134198554, "hidden_size": 3}