{"lr": 0.009172822558869106, "gamma": 0.9342470929807332, "hidden_size": 1}