{"lr": 0.0017174474825442563, "gamma": 0.938595327737786, "hidden_size": 3}