{"lr": 0.003195383340344958, "gamma": 0.965299748900062, "hidden_size": 2}