{"lr": 0.006036169959107156, "gamma": 0.9613624080144679, "hidden_size": 2}