{"lr": 0.0005884766577306462, "gamma": 0.9227720568803895, "hidden_size": 4}