{"lr": 0.0003026131605330198, "gamma": 0.9370806277294863, "hidden_size": 3}