{"lr": 0.007195856873178356, "gamma": 0.9403962282149013, "hidden_size": 4}