{"lr": 0.009674726554472901, "gamma": 0.9591342585985418, "hidden_size": 4}