{"lr": 0.002341510030460941, "gamma": 0.9398799157984962, "hidden_size": 4}