{"lr": 0.0007273812673322019, "gamma": 0.9040506109543539, "hidden_size": 4}