{"lr": 0.00010455585785429298, "gamma": 0.9301318554844286, "hidden_size": 1}