{"lr": 0.004078086283732511, "gamma": 0.9658555084119803, "hidden_size": 3}