{"lr": 0.0003165633878494394, "gamma": 0.9624576856589316, "hidden_size": 3}