{"lr": 0.00012248439595164055, "gamma": 0.9615151331778726, "hidden_size": 3}