{"lr": 0.006351252856886342, "gamma": 0.9372199806571286, "hidden_size": 1}