{"lr": 0.004035907608536733, "gamma": 0.9491209801671365, "hidden_size": 4}