{"lr": 0.0038320059157353017, "gamma": 0.9864183780223856, "hidden_size": 3}