{"lr": 0.0015267246729903806, "gamma": 0.9472755996855894, "hidden_size": 3}