{"lr": 0.0029606096149835926, "gamma": 0.9721924983082659, "hidden_size": 3}