{"lr": 0.00010246426637534036, "gamma": 0.9005948615807371, "hidden_size": 3}