{"lr": 0.0027632547966650167, "gamma": 0.9651024625943113, "hidden_size": 3}