{"lr": 0.004493414695607451, "gamma": 0.9172826470210445, "hidden_size": 1}