{"lr": 0.0018216442893034548, "gamma": 0.925535603140413, "hidden_size": 2}