{"lr": 0.0006020893756705186, "gamma": 0.9361166677801691, "hidden_size": 2}