{"lr": 0.0006350634902109524, "gamma": 0.9780483889747581, "hidden_size": 3}