{"lr": 1.3967748042953278e-05, "gamma": 0.9279792660065042, "hidden_size": 4}