{"lr": 0.003924223462590723, "gamma": 0.9615840164987386, "hidden_size": 3}