{"lr": 0.002317736715538978, "gamma": 0.9024229866806578, "hidden_size": 2}