{"lr": 0.004997060010070374, "gamma": 0.9679663636161691, "hidden_size": 2}