{"lr": 0.00027401890790268804, "gamma": 0.9276170923600039, "hidden_size": 2}