{"lr": 0.0008823998637393845, "gamma": 0.9646961321514425, "hidden_size": 3}