{"lr": 2.8630059119847634e-05, "gamma": 0.9754055747484695, "hidden_size": 4}