{"lr": 0.000978375276636914, "gamma": 0.9783882355501051, "hidden_size": 2}