{"lr": 0.0014658894883501049, "gamma": 0.9803072978360226, "hidden_size": 3}