{"lr": 0.0035021333323354492, "gamma": 0.9697729102222855, "hidden_size": 2}