{"lr": 0.004072575805448417, "gamma": 0.9482644391052043, "hidden_size": 1}