{"lr": 0.0021020124818717616, "gamma": 0.9643464274993807, "hidden_size": 3}