{"lr": 0.00019440581886771428, "gamma": 0.977981242346219, "hidden_size": 3}