{"lr": 0.0019987405587686717, "gamma": 0.9588751154768884, "hidden_size": 3}