{"lr": 6.585061549280663e-05, "gamma": 0.9181493109843846, "hidden_size": 4}