{"lr": 0.003953212015358447, "gamma": 0.9860507633523576, "hidden_size": 3}