{"lr": 0.000924340637987504, "gamma": 0.9743539589859261, "hidden_size": 3}