{"lr": 0.0023321949456341987, "gamma": 0.9669336861107217, "hidden_size": 3}