{"lr": 0.007284370905880451, "gamma": 0.9259282648249118, "hidden_size": 1}