{"lr": 3.6912337788069686e-05, "gamma": 0.9028106990386515, "hidden_size": 4}