{"lr": 0.0015141446544304268, "gamma": 0.9720175639881309, "hidden_size": 3}