{"lr": 0.005221249572348925, "gamma": 0.9478319460647618, "hidden_size": 3}