{"lr": 0.0032228919383909455, "gamma": 0.953050679747522, "hidden_size": 1}