{"lr": 0.0011615786708295993, "gamma": 0.9417094100503939, "hidden_size": 3}