{"lr": 0.0014588331274497416, "gamma": 0.9701205853288868, "hidden_size": 3}