{"lr": 0.0011760344548746736, "gamma": 0.9712163437029139, "hidden_size": 3}