{"lr": 0.003898361989512545, "gamma": 0.9798793881555642, "hidden_size": 3}