{"lr": 0.0018642274097146097, "gamma": 0.9822675379422426, "hidden_size": 4}