{"lr": 0.00143875996405016, "gamma": 0.9850082856811319, "hidden_size": 1}