{"lr": 0.0040052034627129154, "gamma": 0.9869048711880757, "hidden_size": 3}