{"lr": 0.0008438921521165758, "gamma": 0.9615072819871048, "hidden_size": 3}