{"lr": 0.004798123844634958, "gamma": 0.9874125618579742, "hidden_size": 2}