{"lr": 5.601250429634932e-05, "gamma": 0.9741192682405462, "hidden_size": 3}