{"lr": 0.0035567398285235, "gamma": 0.9723360092623486, "hidden_size": 3}