{"lr": 0.00024350158571881213, "gamma": 0.9874705905741432, "hidden_size": 2}