{"lr": 0.000851744320798443, "gamma": 0.9538861131958596, "hidden_size": 3}