{"lr": 0.002501810235287821, "gamma": 0.9781659980090167, "hidden_size": 3}