{"lr": 0.00246464767882145, "gamma": 0.9423364735887503, "hidden_size": 3}