{"lr": 0.0014418474243703908, "gamma": 0.9863002382965861, "hidden_size": 4}