{"lr": 0.002322122685031545, "gamma": 0.9897580669631587, "hidden_size": 3}