{"lr": 5.8778879581567844e-05, "gamma": 0.9798791677666011, "hidden_size": 3}