{"lr": 0.00226677621064556, "gamma": 0.9792424392961595, "hidden_size": 3}