{"lr": 3.907640176355594e-05, "gamma": 0.9305994869576231, "hidden_size": 3}