{"lr": 1.1953140913493856e-05, "gamma": 0.9203239256974425, "hidden_size": 1}