{"lr": 0.0022223649914652954, "gamma": 0.9881694878296987, "hidden_size": 3}