{"lr": 0.0036332175636857103, "gamma": 0.9650749536006531, "hidden_size": 3}