{"lr": 0.0006888413116268152, "gamma": 0.9709867952307129, "hidden_size": 3}