{"lr": 0.002466360237695371, "gamma": 0.970884750471664, "hidden_size": 3}