{"lr": 0.0026185072040183707, "gamma": 0.9782025375463037, "hidden_size": 3}