{"lr": 0.009015359913676023, "gamma": 0.9737337322944261, "hidden_size": 3}