{"lr": 0.003146238164849599, "gamma": 0.9036369000077829, "hidden_size": 2}