{"lr": 0.001425148337225667, "gamma": 0.9609788737931457, "hidden_size": 3}