{"lr": 0.001290838912009221, "gamma": 0.9649517070210206, "hidden_size": 3}