{"lr": 0.006562428227653308, "gamma": 0.9137867154026819, "hidden_size": 1}