{"lr": 0.00012572810854066924, "gamma": 0.9693294303643674, "hidden_size": 3}