{"lr": 0.0046321988498255195, "gamma": 0.9214118802444201, "hidden_size": 2}