{"lr": 0.002117873737814401, "gamma": 0.9689657723576274, "hidden_size": 3}