{"lr": 0.0019077472559524823, "gamma": 0.9599454345823314, "hidden_size": 3}