{"lr": 0.001671887283761346, "gamma": 0.9456877401064663, "hidden_size": 2}