{"lr": 0.001254540917836804, "gamma": 0.9233977082201706, "hidden_size": 3}