{"lr": 0.008402320276974861, "gamma": 0.9314578991008179, "hidden_size": 1}