{"lr": 0.004269899784784809, "gamma": 0.9828435568153902, "hidden_size": 1}