{"lr": 0.009720629663667069, "gamma": 0.9881616227807265, "hidden_size": 4}