{"lr": 0.00480361187457017, "gamma": 0.9579593140023351, "hidden_size": 3}