{"lr": 0.0005748261545399422, "gamma": 0.9204855373913872, "hidden_size": 4}