{"lr": 0.0003590700644868539, "gamma": 0.9514561712579183, "hidden_size": 4}