{"lr": 0.008973222228218797, "gamma": 0.9703357886157755, "hidden_size": 2}