{"lr": 0.0022739736724882754, "gamma": 0.9742460564479507, "hidden_size": 3}