{"lr": 0.000379661741892507, "gamma": 0.9799812797642725, "hidden_size": 4}