{"lr": 0.002407324139066673, "gamma": 0.9585404324297407, "hidden_size": 3}