{"lr": 0.0012206367990984415, "gamma": 0.9743649672021556, "hidden_size": 3}