{"lr": 0.007847067696543572, "gamma": 0.9544011389596087, "hidden_size": 3}