{"lr": 0.0050840465356888935, "gamma": 0.9432949910894007, "hidden_size": 4}