{"lr": 0.001968044912333609, "gamma": 0.9759728525153305, "hidden_size": 3}