{"lr": 2.1855069145671546e-05, "gamma": 0.922238470889313, "hidden_size": 3}