{"lr": 0.002335623773723596, "gamma": 0.9684724104138768, "hidden_size": 3}