{"lr": 0.0001822288937408608, "gamma": 0.9164590646883432, "hidden_size": 3}