{"lr": 0.006447547631504307, "gamma": 0.9894611019211605, "hidden_size": 3}