{"lr": 0.0030899969893777935, "gamma": 0.9573047077085842, "hidden_size": 4}