{"lr": 0.00257614471050998, "gamma": 0.9872962671644564, "hidden_size": 3}