{"lr": 0.0020712972651916496, "gamma": 0.975217060469959, "hidden_size": 3}