{"lr": 7.63130011893089e-05, "gamma": 0.9297313988876277, "hidden_size": 3}