{"lr": 0.003574382000087402, "gamma": 0.975372068594925, "hidden_size": 4}