{"lr": 0.0014831561488208283, "gamma": 0.9310434891438204, "hidden_size": 3}