{"lr": 0.005570781593757479, "gamma": 0.977360645860755, "hidden_size": 3}