{"lr": 0.009237977258570063, "gamma": 0.9499006927262577, "hidden_size": 4}