{"lr": 0.0008824816227427422, "gamma": 0.9196470061353935, "hidden_size": 3}