{"lr": 0.00440967108278564, "gamma": 0.9742079886638708, "hidden_size": 4}