{"lr": 0.0035678922634911144, "gamma": 0.957863193239563, "hidden_size": 3}