{"lr": 0.0025257389022475193, "gamma": 0.9286962085918684, "hidden_size": 4}