{"lr": 0.008284314178132484, "gamma": 0.9475950881015921, "hidden_size": 4}