{"lr": 0.006235929979720466, "gamma": 0.9686151526851368, "hidden_size": 3}