{"lr": 0.002133587069521077, "gamma": 0.9889802625844831, "hidden_size": 3}