{"lr": 0.0028812144202332336, "gamma": 0.9637367928752316, "hidden_size": 4}