{"lr": 0.0013160205841263783, "gamma": 0.9899530892289614, "hidden_size": 3}