{"lr": 0.009414143526251369, "gamma": 0.9566562863956858, "hidden_size": 3}