{"lr": 0.00013853224395787224, "gamma": 0.9115572387702008, "hidden_size": 1}