{"lr": 0.005081170826900957, "gamma": 0.9597240522386677, "hidden_size": 3}