{"lr": 0.00705862654253535, "gamma": 0.982915324975671, "hidden_size": 3}