{"lr": 0.004588479910323536, "gamma": 0.9134552557696242, "hidden_size": 2}