{"lr": 0.004271854836883767, "gamma": 0.9631906622854948, "hidden_size": 2}