{"lr": 0.009320495032768843, "gamma": 0.9065594593693307, "hidden_size": 4}