{"lr": 0.002283215132799981, "gamma": 0.961133531976674, "hidden_size": 3}