{"lr": 0.006734302245100641, "gamma": 0.9580549216061737, "hidden_size": 3}