{"lr": 0.006827269555621328, "gamma": 0.9032831094115349, "hidden_size": 2}