{"lr": 0.005305281456962897, "gamma": 0.9001470252238586, "hidden_size": 2}