{"lr": 0.004231807717052923, "gamma": 0.9488985948726926, "hidden_size": 3}