{"lr": 0.0009558502297405388, "gamma": 0.9694390546705925, "hidden_size": 3}