{"lr": 0.0008966282570245767, "gamma": 0.9818985453202053, "hidden_size": 1}