{"lr": 0.0010790780312543633, "gamma": 0.9547064515280458, "hidden_size": 4}