{"lr": 0.004497659757331213, "gamma": 0.9588613507345303, "hidden_size": 2}