{"lr": 0.0016545268630723984, "gamma": 0.9725090358842398, "hidden_size": 3}