{"lr": 0.004872460264369866, "gamma": 0.9873132090901185, "hidden_size": 3}