{"lr": 0.009369066800768525, "gamma": 0.9728217554603823, "hidden_size": 4}