{"lr": 0.0024091421483889274, "gamma": 0.98984400493702, "hidden_size": 3}