{"lr": 0.0026029540570256925, "gamma": 0.969957683679521, "hidden_size": 2}