{"lr": 1.5910542483064375e-05, "gamma": 0.9490182232068067, "hidden_size": 4}