{"lr": 0.00017616248499472317, "gamma": 0.953884278860032, "hidden_size": 4}