{"lr": 0.0037088243988362456, "gamma": 0.9679560375904557, "hidden_size": 3}