{"lr": 0.005294249261320767, "gamma": 0.9347991794553132, "hidden_size": 1}