{"lr": 0.009916505144096288, "gamma": 0.978391114799594, "hidden_size": 2}