{"lr": 0.004685340166803023, "gamma": 0.9369101441771369, "hidden_size": 3}