{"lr": 0.003817757534969413, "gamma": 0.9736606919076513, "hidden_size": 3}