{"lr": 0.0017224720881720132, "gamma": 0.9830743062429298, "hidden_size": 3}