{"lr": 0.004014248692270772, "gamma": 0.9842943772864114, "hidden_size": 3}