{"lr": 0.0006679144592576016, "gamma": 0.9544287719918016, "hidden_size": 4}