{"lr": 0.00035386935715456415, "gamma": 0.9399878271558061, "hidden_size": 3}