{"lr": 0.0007540768380153017, "gamma": 0.9842930912983425, "hidden_size": 3}