{"lr": 0.0006947659357148196, "gamma": 0.9210051453447161, "hidden_size": 3}