{"lr": 0.0022998660000642396, "gamma": 0.9617550126885559, "hidden_size": 3}