{"lr": 0.0033130065708409976, "gamma": 0.974199330411093, "hidden_size": 2}