{"lr": 0.0015082740061976318, "gamma": 0.9598685076529301, "hidden_size": 4}