{"lr": 0.002122993205066433, "gamma": 0.9899683477307591, "hidden_size": 3}