{"lr": 1.0394248988575266e-05, "gamma": 0.9039973212157496, "hidden_size": 2}