{"lr": 0.0013600119949940702, "gamma": 0.9776454733223858, "hidden_size": 4}