{"lr": 0.005632152627309275, "gamma": 0.9664089947428844, "hidden_size": 3}