{"lr": 0.002680330145332541, "gamma": 0.9861413153673779, "hidden_size": 1}