{"lr": 0.00011394858578558179, "gamma": 0.919608817932007, "hidden_size": 3}