{"lr": 0.00046287073653772316, "gamma": 0.9696309317193077, "hidden_size": 3}