{"lr": 0.009818267955635158, "gamma": 0.9656029354759126, "hidden_size": 1}