{"lr": 0.0016807379885263047, "gamma": 0.9862009408353424, "hidden_size": 1}