{"lr": 2.5542754710966462e-05, "gamma": 0.9601531217474654, "hidden_size": 2}