{"lr": 0.000659451049516857, "gamma": 0.9771670768547585, "hidden_size": 3}