{"lr": 0.005548810744082218, "gamma": 0.9191637139654583, "hidden_size": 2}