{"lr": 0.000703121028070685, "gamma": 0.9413124852928282, "hidden_size": 1}