{"lr": 0.004488965515969415, "gamma": 0.9846631713993755, "hidden_size": 3}