{"lr": 0.00044128530398076035, "gamma": 0.9760189946828014, "hidden_size": 1}