{"lr": 0.000784592787494051, "gamma": 0.9673702315785944, "hidden_size": 3}