{"lr": 0.00015316107880417322, "gamma": 0.9655803156555146, "hidden_size": 4}