{"lr": 8.4203339006227e-05, "gamma": 0.9618593898814917, "hidden_size": 2}