{"lr": 0.0007269578656677743, "gamma": 0.9169545258565938, "hidden_size": 4}