{"lr": 0.004727912923717423, "gamma": 0.9822767381915218, "hidden_size": 2}