{"lr": 0.0015818841038051285, "gamma": 0.9628072267365271, "hidden_size": 3}