{"lr": 0.0033523779531582595, "gamma": 0.9724824376306835, "hidden_size": 3}