{"lr": 0.004371091185876986, "gamma": 0.9063456191611755, "hidden_size": 2}