{"lr": 0.0001675742119760216, "gamma": 0.9534691254637355, "hidden_size": 3}