{"lr": 0.0033097042270785818, "gamma": 0.985523908788852, "hidden_size": 3}