{"lr": 0.0038724853978044987, "gamma": 0.9734160781102412, "hidden_size": 3}