{"lr": 0.0019459640032201187, "gamma": 0.9679038346186947, "hidden_size": 3}