{"lr": 0.00013699358835944823, "gamma": 0.9360662864846497, "hidden_size": 3}