{"lr": 0.00494975344735801, "gamma": 0.9037667457364761, "hidden_size": 2}