{"lr": 0.001993349646428817, "gamma": 0.9752183512875334, "hidden_size": 3}