{"lr": 0.003312789573185474, "gamma": 0.989648964531825, "hidden_size": 1}