{"lr": 0.0013446922746921724, "gamma": 0.9666073375488922, "hidden_size": 3}