{"lr": 0.004274734768529869, "gamma": 0.9615834715916587, "hidden_size": 2}