{"lr": 4.172788126980366e-05, "gamma": 0.9243257816387972, "hidden_size": 3}