{"lr": 0.006188386719737536, "gamma": 0.9026388391240661, "hidden_size": 1}