{"lr": 0.0005228619838855539, "gamma": 0.9834695679059655, "hidden_size": 3}