{"lr": 0.004787654615709492, "gamma": 0.9321268266944492, "hidden_size": 2}