{"lr": 0.0030964043900531535, "gamma": 0.9744725821787653, "hidden_size": 3}