{"lr": 0.0029242615612788377, "gamma": 0.9776879500396068, "hidden_size": 3}