{"lr": 0.0019091925414376628, "gamma": 0.9874399058901795, "hidden_size": 3}