{"lr": 0.0014735307720393593, "gamma": 0.9383381705083458, "hidden_size": 4}