{"lr": 0.001014661277414931, "gamma": 0.9607890744209858, "hidden_size": 3}