{"lr": 0.006082620442658068, "gamma": 0.9650355635322811, "hidden_size": 1}