{"lr": 0.00022383975261757236, "gamma": 0.9654115022985768, "hidden_size": 4}