{"lr": 0.0005353083493688065, "gamma": 0.9154920013899092, "hidden_size": 4}