{"lr": 5.99932867625486e-05, "gamma": 0.9186014413076694, "hidden_size": 4}