{"lr": 0.0018025902360332175, "gamma": 0.9633016321971392, "hidden_size": 3}