{"lr": 0.000562811015448549, "gamma": 0.9591108558094418, "hidden_size": 4}