{"lr": 0.0010981768356253248, "gamma": 0.975851720115939, "hidden_size": 3}