{"lr": 0.004065761058465861, "gamma": 0.9637223687155448, "hidden_size": 3}