{"lr": 0.0014714919503387, "gamma": 0.9734005028125741, "hidden_size": 2}