{"lr": 0.0022628348075943443, "gamma": 0.9754151223775424, "hidden_size": 4}