{"lr": 0.002423516103606822, "gamma": 0.9675165949408728, "hidden_size": 3}