{"lr": 0.00028064650455863826, "gamma": 0.949868102400113, "hidden_size": 3}