{"lr": 0.00050654671266565, "gamma": 0.9516385643816143, "hidden_size": 3}