{"lr": 0.004638484758244946, "gamma": 0.9654363579894069, "hidden_size": 3}