{"lr": 0.0012046385707874608, "gamma": 0.9428148741883909, "hidden_size": 3}