{"lr": 0.00541548441529247, "gamma": 0.9807916434744731, "hidden_size": 2}