{"lr": 0.0016670992999962208, "gamma": 0.9641364297584616, "hidden_size": 3}