{"lr": 0.00375048077436493, "gamma": 0.9484682552926335, "hidden_size": 3}