{"lr": 0.0004443963028536538, "gamma": 0.9899368165102649, "hidden_size": 3}