{"lr": 0.0010666405725715308, "gamma": 0.9641152584582963, "hidden_size": 3}