{"lr": 0.0036022695940701186, "gamma": 0.9898415803297202, "hidden_size": 3}