{"lr": 0.006291211863494821, "gamma": 0.9426626103236493, "hidden_size": 4}