{"lr": 0.002588634848385577, "gamma": 0.9826931785735705, "hidden_size": 3}