{"lr": 0.001397554230118634, "gamma": 0.9816666090623201, "hidden_size": 3}