{"lr": 0.0031527611138904726, "gamma": 0.9612245801018005, "hidden_size": 4}