{"lr": 0.004654423833955284, "gamma": 0.9480030949929167, "hidden_size": 3}