{"lr": 0.002047502719764424, "gamma": 0.9653835330344251, "hidden_size": 3}