{"lr": 0.005103843450219841, "gamma": 0.9558196185060478, "hidden_size": 3}