{"lr": 0.004744251300598769, "gamma": 0.9666304470170182, "hidden_size": 3}