{"lr": 0.004051081332332162, "gamma": 0.9630274446223758, "hidden_size": 3}