{"lr": 0.005035183152287202, "gamma": 0.9019028726239015, "hidden_size": 2}