{"lr": 0.003144162951072649, "gamma": 0.9880415233011649, "hidden_size": 3}