{"lr": 0.005787513048381901, "gamma": 0.9611721136531394, "hidden_size": 3}