{"lr": 0.001922624721628408, "gamma": 0.9530712005200068, "hidden_size": 4}