{"lr": 0.0025073480703279236, "gamma": 0.9703162783048216, "hidden_size": 3}