{"lr": 0.0014016491692763061, "gamma": 0.9162862296621516, "hidden_size": 3}