{"lr": 0.007340011372784602, "gamma": 0.9567681470061236, "hidden_size": 3}