{"lr": 0.0022852736366777383, "gamma": 0.9345509546418117, "hidden_size": 3}