{"lr": 0.009919538827670736, "gamma": 0.915973983553546, "hidden_size": 1}