{"lr": 0.002902483214948657, "gamma": 0.9758869982290402, "hidden_size": 4}