{"lr": 0.0032297488827291543, "gamma": 0.9620687809695763, "hidden_size": 3}