{"lr": 0.00938116216585011, "gamma": 0.9713301341756223, "hidden_size": 3}