{"lr": 0.008102489059035139, "gamma": 0.9586289721593676, "hidden_size": 4}