{"lr": 9.159215092493821e-05, "gamma": 0.9538707152465022, "hidden_size": 1}