{"lr": 0.006785794165075487, "gamma": 0.9286536447028426, "hidden_size": 4}