{"lr": 1.935386677299167e-05, "gamma": 0.9482030746417999, "hidden_size": 3}