{"lr": 0.0017213264214215312, "gamma": 0.9527177161272489, "hidden_size": 1}