{"lr": 0.0012195347274578398, "gamma": 0.9681334905006294, "hidden_size": 3}