{"lr": 0.0026147141088336007, "gamma": 0.9767641579509577, "hidden_size": 3}