{"lr": 0.004204414043503973, "gamma": 0.989761017824481, "hidden_size": 3}