{"lr": 0.001968054424457221, "gamma": 0.933737567471655, "hidden_size": 1}