{"lr": 0.0009167983236469872, "gamma": 0.9852193600942775, "hidden_size": 3}