{"lr": 0.00658948087093017, "gamma": 0.9120608225836583, "hidden_size": 1}