{"lr": 0.0004945172271988626, "gamma": 0.9181348465667829, "hidden_size": 3}