{"lr": 0.001849588972178362, "gamma": 0.9433358420380572, "hidden_size": 3}