{"lr": 0.000588578067110564, "gamma": 0.98788094444358, "hidden_size": 4}