{"lr": 0.001804763492842222, "gamma": 0.9495235853934054, "hidden_size": 1}