{"lr": 0.0002848099424792733, "gamma": 0.9683226982179315, "hidden_size": 2}