{"lr": 0.0031403453710900594, "gamma": 0.9858190487279066, "hidden_size": 3}