{"lr": 0.008573114181431625, "gamma": 0.9061220098802523, "hidden_size": 1}