{"lr": 0.004238167999164975, "gamma": 0.9388121868334891, "hidden_size": 1}