{"lr": 0.006786529287334496, "gamma": 0.9121584357479515, "hidden_size": 1}