{"lr": 0.001675801627524503, "gamma": 0.9716174258630291, "hidden_size": 3}