{"lr": 0.004654829907681238, "gamma": 0.9520399647843122, "hidden_size": 3}