{"lr": 0.0005002774725307046, "gamma": 0.962635827448179, "hidden_size": 3}