{"lr": 0.0020531594048702126, "gamma": 0.9836648690871448, "hidden_size": 3}