{"lr": 0.0003911267833040748, "gamma": 0.9800539810236516, "hidden_size": 4}