{"lr": 0.003552558641407822, "gamma": 0.9780050528934884, "hidden_size": 4}