{"lr": 0.0019911252916207157, "gamma": 0.9852705301166328, "hidden_size": 3}