{"lr": 0.003073612870693422, "gamma": 0.9523828135898336, "hidden_size": 3}