{"lr": 0.00336122910895699, "gamma": 0.9731449364055768, "hidden_size": 2}