{"lr": 0.004066426843165509, "gamma": 0.9321367669951969, "hidden_size": 3}