{"lr": 0.008821157476109629, "gamma": 0.9041398683917187, "hidden_size": 2}