{"lr": 0.0030642900489407615, "gamma": 0.9370978643125626, "hidden_size": 3}