{"lr": 0.0063601078973622984, "gamma": 0.9680780554212205, "hidden_size": 2}