{"lr": 0.0013816660797580276, "gamma": 0.9639550793792033, "hidden_size": 1}