{"lr": 0.004526099085173169, "gamma": 0.9685807327646468, "hidden_size": 3}