{"lr": 0.006020574948904689, "gamma": 0.9742626691752672, "hidden_size": 3}