{"lr": 0.00015831644643505722, "gamma": 0.9520903921947109, "hidden_size": 2}