{"lr": 0.002718782398924379, "gamma": 0.9815920254363527, "hidden_size": 3}