{"lr": 0.0010280324132380064, "gamma": 0.9892600654329575, "hidden_size": 4}