{"lr": 0.003585075035569237, "gamma": 0.9698071702693842, "hidden_size": 3}