{"lr": 0.009707994004560674, "gamma": 0.9659439214240978, "hidden_size": 4}