{"lr": 0.0024586262169464103, "gamma": 0.9632707725694647, "hidden_size": 3}