{"lr": 0.001281835832694718, "gamma": 0.9736964520213879, "hidden_size": 4}