{"lr": 0.004153988154359992, "gamma": 0.9442938913764254, "hidden_size": 4}