{"lr": 0.0021338819557910494, "gamma": 0.9712780602203992, "hidden_size": 3}