{"lr": 0.007746668639414136, "gamma": 0.9558976244490692, "hidden_size": 3}