{"lr": 0.007270421001883281, "gamma": 0.9519440106487183, "hidden_size": 2}