{"lr": 0.003928107568195771, "gamma": 0.975362797608707, "hidden_size": 3}