{"lr": 0.00487395888937259, "gamma": 0.9584699967214922, "hidden_size": 3}