{"lr": 0.0019666325096840756, "gamma": 0.9699520693370345, "hidden_size": 3}