{"lr": 0.0009240108502778773, "gamma": 0.9065689427124733, "hidden_size": 4}