{"lr": 0.0030179917743716413, "gamma": 0.9871442363115227, "hidden_size": 3}