{"lr": 0.0037352549023273963, "gamma": 0.9863111716848894, "hidden_size": 3}