{"lr": 3.7723080961510714e-05, "gamma": 0.9264626028596493, "hidden_size": 4}