{"lr": 0.0016483197884123316, "gamma": 0.9707167827499676, "hidden_size": 3}