{"lr": 0.003310118187873469, "gamma": 0.9898386770977555, "hidden_size": 3}