{"lr": 0.0015746914319058948, "gamma": 0.9717172858374147, "hidden_size": 3}