{"lr": 0.0014863884137343753, "gamma": 0.9735108703090928, "hidden_size": 3}