{"lr": 1.6754625227435914e-05, "gamma": 0.9758060049264593, "hidden_size": 4}