{"lr": 0.0032194857135108795, "gamma": 0.9635652772544087, "hidden_size": 3}