{"lr": 1.0111129181026435e-05, "gamma": 0.9410252845729415, "hidden_size": 4}