{"lr": 0.0025012877609073727, "gamma": 0.9837558011233265, "hidden_size": 1}