{"lr": 0.0020389746621599235, "gamma": 0.9728810199108963, "hidden_size": 3}