{"lr": 0.005416276796916422, "gamma": 0.9528712695157924, "hidden_size": 3}