{"lr": 0.00010203780950295483, "gamma": 0.9339488853461153, "hidden_size": 3}