{"lr": 0.005615473239103407, "gamma": 0.9000663036283609, "hidden_size": 2}