{"lr": 3.4300779584117245e-05, "gamma": 0.9713219051486839, "hidden_size": 4}