{"lr": 0.0013288039397987051, "gamma": 0.9248963743711568, "hidden_size": 1}