{"lr": 0.005680896658595737, "gamma": 0.9866029132179517, "hidden_size": 1}