{"lr": 0.0021748594108002683, "gamma": 0.9248579431663811, "hidden_size": 4}