{"lr": 0.004358054263389184, "gamma": 0.9078862141427366, "hidden_size": 1}