{"lr": 0.002685613261261253, "gamma": 0.988395177912741, "hidden_size": 3}