{"lr": 0.0024879713114504608, "gamma": 0.9673964794073673, "hidden_size": 3}