{"lr": 0.001674352985304115, "gamma": 0.9400205886998603, "hidden_size": 4}