{"lr": 0.004139979342381884, "gamma": 0.976963123096492, "hidden_size": 2}