{"lr": 0.004786336237053614, "gamma": 0.9133479910789124, "hidden_size": 2}