{"lr": 0.004720307727548102, "gamma": 0.9552266899281421, "hidden_size": 1}