{"lr": 0.002381125866420779, "gamma": 0.9727816461820398, "hidden_size": 3}