{"lr": 0.0010942856028580033, "gamma": 0.9101308956332473, "hidden_size": 1}