{"lr": 0.0011883615512110139, "gamma": 0.9791490660896284, "hidden_size": 3}