{"lr": 0.00012420094553705708, "gamma": 0.9662427779268145, "hidden_size": 4}