{"lr": 0.00041371828605560145, "gamma": 0.9202608179483285, "hidden_size": 3}