{"lr": 0.0003738527747435184, "gamma": 0.9846519798272814, "hidden_size": 3}