{"lr": 0.0020151751965350813, "gamma": 0.9846874458913607, "hidden_size": 3}