{"lr": 0.005649256369128181, "gamma": 0.9445803214397797, "hidden_size": 1}