{"lr": 1.1974955250115783e-05, "gamma": 0.9815814841278999, "hidden_size": 4}