{"lr": 0.006289715917551671, "gamma": 0.9579673022694424, "hidden_size": 3}