{"lr": 0.0028117122950668885, "gamma": 0.9218129789853132, "hidden_size": 4}