{"lr": 0.0005255518308123991, "gamma": 0.9371186848041774, "hidden_size": 1}