{"lr": 0.00025509992251074233, "gamma": 0.955531297877131, "hidden_size": 1}