{"lr": 0.009986889748216795, "gamma": 0.9393089124748432, "hidden_size": 1}