{"lr": 0.0025865842250704296, "gamma": 0.9372990955176588, "hidden_size": 3}