{"lr": 0.0008465410401998929, "gamma": 0.9699869306019465, "hidden_size": 4}