{"lr": 0.0043498978189018996, "gamma": 0.905301294789959, "hidden_size": 2}