{"lr": 0.0043305095971790785, "gamma": 0.9451394425126423, "hidden_size": 4}