{"lr": 0.006456692163781997, "gamma": 0.9524786127740296, "hidden_size": 1}