{"lr": 3.8197873805467206e-05, "gamma": 0.9651685769094298, "hidden_size": 3}