{"lr": 0.004538981436395877, "gamma": 0.9632439271967193, "hidden_size": 3}