{"lr": 0.007764184940655868, "gamma": 0.9178534655240062, "hidden_size": 2}