{"lr": 0.001838376747557815, "gamma": 0.9621669747834964, "hidden_size": 3}