{"lr": 0.0006446454465922149, "gamma": 0.9836628362477962, "hidden_size": 2}