{"lr": 0.007138136041775188, "gamma": 0.9897769100662126, "hidden_size": 3}