{"lr": 0.005471244109598789, "gamma": 0.90910410826275, "hidden_size": 2}