{"lr": 0.0009252037239288945, "gamma": 0.9641330031805597, "hidden_size": 3}