{"lr": 0.0028589346418564647, "gamma": 0.9852450563632196, "hidden_size": 3}