{"lr": 7.066800872581137e-05, "gamma": 0.9820430491451488, "hidden_size": 4}