{"lr": 0.0018614191351703979, "gamma": 0.9710874248792482, "hidden_size": 2}