{"lr": 1.9315496731571224e-05, "gamma": 0.923597290059453, "hidden_size": 4}