{"lr": 0.0011879325396318636, "gamma": 0.9455032814564707, "hidden_size": 3}