{"lr": 0.00973319651432199, "gamma": 0.9480921514926532, "hidden_size": 1}