{"lr": 0.0025481265767718733, "gamma": 0.9292627044354621, "hidden_size": 4}