{"lr": 0.0020612713026416044, "gamma": 0.9667639341535215, "hidden_size": 2}