{"lr": 0.0012537865894252562, "gamma": 0.9889753746100617, "hidden_size": 3}