{"lr": 0.000390659344955048, "gamma": 0.9476560139497864, "hidden_size": 4}