{"lr": 0.00030348034631017077, "gamma": 0.963169648684876, "hidden_size": 3}