{"lr": 0.001517947571731034, "gamma": 0.981848058969562, "hidden_size": 1}