{"lr": 0.005902593862129316, "gamma": 0.9312506647901045, "hidden_size": 3}