{"lr": 0.004395737876807777, "gamma": 0.9691937257483113, "hidden_size": 3}