{"lr": 0.004906163095814909, "gamma": 0.959852390282495, "hidden_size": 1}