{"lr": 0.0011941925645833952, "gamma": 0.9289026744374693, "hidden_size": 3}