{"lr": 0.007004056725296717, "gamma": 0.928180647777578, "hidden_size": 3}