{"lr": 0.0054154533326917316, "gamma": 0.9382487847353933, "hidden_size": 2}