{"lr": 0.003351111876853915, "gamma": 0.965973560938631, "hidden_size": 2}