{"lr": 0.0032715735994821044, "gamma": 0.962635582403034, "hidden_size": 2}