{"lr": 6.464487641318402e-05, "gamma": 0.9643178507285379, "hidden_size": 2}