{"lr": 0.0007055786382402242, "gamma": 0.9641658138780155, "hidden_size": 2}