{"lr": 0.0023346125173083015, "gamma": 0.986766934460426, "hidden_size": 3}