{"lr": 0.005284601937904587, "gamma": 0.9715545976896327, "hidden_size": 3}