{"lr": 0.0009489273007018666, "gamma": 0.9000484526933734, "hidden_size": 3}