{"lr": 0.002954261382697922, "gamma": 0.9600038459912054, "hidden_size": 3}