{"lr": 0.008361839395198757, "gamma": 0.9566606609106368, "hidden_size": 3}