{"lr": 0.003152146255811493, "gamma": 0.9632712803189554, "hidden_size": 3}