{"lr": 7.974735222523056e-05, "gamma": 0.9670688808633336, "hidden_size": 3}