{"lr": 0.0029470821272644114, "gamma": 0.987688486636859, "hidden_size": 3}