{"lr": 0.0035831351794677765, "gamma": 0.9822446441381656, "hidden_size": 2}