{"lr": 0.002439708144736588, "gamma": 0.958809841105416, "hidden_size": 3}