{"lr": 0.0055716874816742435, "gamma": 0.9175603406845034, "hidden_size": 3}