{"lr": 1.0182271473464553e-05, "gamma": 0.9727995083710211, "hidden_size": 4}