{"lr": 0.0034370147063782414, "gamma": 0.9846570413173051, "hidden_size": 3}