{"lr": 0.004637001960673074, "gamma": 0.9676680395560526, "hidden_size": 4}