{"lr": 0.006841223055755257, "gamma": 0.9193964890255838, "hidden_size": 2}