{"lr": 0.0010424915493140918, "gamma": 0.9818030960733721, "hidden_size": 3}