{"lr": 0.00310983063750897, "gamma": 0.9899865560643064, "hidden_size": 4}