{"lr": 0.000427229471629783, "gamma": 0.9710274214399272, "hidden_size": 4}