{"lr": 0.004269189124432737, "gamma": 0.9635824260770904, "hidden_size": 2}