{"lr": 0.0005619525351526118, "gamma": 0.9897601560493531, "hidden_size": 3}