{"lr": 0.0022708644231690537, "gamma": 0.9812335582951742, "hidden_size": 3}