{"lr": 0.001783678302352374, "gamma": 0.9732301258171738, "hidden_size": 3}