{"lr": 0.00459143554271614, "gamma": 0.9657236301959454, "hidden_size": 2}