{"lr": 0.004574825792794115, "gamma": 0.9612570321645593, "hidden_size": 3}