{"lr": 0.003211334601713593, "gamma": 0.9250896826533598, "hidden_size": 3}