{"lr": 0.003972721390254479, "gamma": 0.9356024983127137, "hidden_size": 3}