{"lr": 0.0008747074027445203, "gamma": 0.9482817185190179, "hidden_size": 1}