{"lr": 0.0035696602760536835, "gamma": 0.9766141937705635, "hidden_size": 2}