{"lr": 0.00799802542237737, "gamma": 0.9440827380383705, "hidden_size": 2}