{"lr": 0.007866171327946309, "gamma": 0.9552670737967971, "hidden_size": 3}