{"lr": 0.000506134037075367, "gamma": 0.9653213775852234, "hidden_size": 3}