{"lr": 0.003829046700135713, "gamma": 0.9061726124952337, "hidden_size": 2}