{"lr": 0.006495347117254729, "gamma": 0.9559037333014542, "hidden_size": 3}