{"lr": 0.0012096974995311747, "gamma": 0.9647737799240651, "hidden_size": 4}