{"lr": 8.042440964480373e-05, "gamma": 0.9217551262503818, "hidden_size": 2}