{"lr": 0.002905176156300058, "gamma": 0.9781564856840682, "hidden_size": 3}