{"lr": 0.002529704010016012, "gamma": 0.9858602869514274, "hidden_size": 3}