{"lr": 0.0039874602110169894, "gamma": 0.943521612416983, "hidden_size": 3}