{"lr": 0.0036937996209209048, "gamma": 0.964819400513088, "hidden_size": 4}