{"lr": 0.0002495489334711316, "gamma": 0.9555238577255214, "hidden_size": 2}