{"lr": 0.004236026360860657, "gamma": 0.9852296938242547, "hidden_size": 3}