{"lr": 0.0016827606927581984, "gamma": 0.9899997823801232, "hidden_size": 3}