{"lr": 0.003187046948137162, "gamma": 0.9555656797618852, "hidden_size": 3}