{"lr": 0.0055396147637770295, "gamma": 0.9276322201341397, "hidden_size": 3}