{"lr": 0.009979413170043661, "gamma": 0.9766301352792199, "hidden_size": 4}