{"lr": 0.00208997304813987, "gamma": 0.962298331901011, "hidden_size": 3}