{"lr": 0.0012698691389988208, "gamma": 0.9324968227522776, "hidden_size": 3}