{"lr": 0.003927432989687411, "gamma": 0.944903546910515, "hidden_size": 4}