{"lr": 0.0041504322462601155, "gamma": 0.9694770081578548, "hidden_size": 4}