{"lr": 5.6298236738721395e-05, "gamma": 0.9356916594644827, "hidden_size": 2}