{"lr": 0.0036587163690248894, "gamma": 0.9679595678657291, "hidden_size": 4}