{"lr": 0.0013618314531477428, "gamma": 0.9434725230257378, "hidden_size": 3}