{"lr": 0.0028995583685466923, "gamma": 0.9853799124986593, "hidden_size": 3}