{"lr": 0.0002439942305299615, "gamma": 0.9326763250525665, "hidden_size": 4}