{"lr": 0.0019046322991813467, "gamma": 0.9860871726884208, "hidden_size": 3}