{"lr": 0.0015509563101146473, "gamma": 0.9670138857718755, "hidden_size": 3}