{"lr": 0.003919250652030424, "gamma": 0.9650925322342166, "hidden_size": 2}