{"lr": 0.004740482754262632, "gamma": 0.9645601657960133, "hidden_size": 3}