{"lr": 0.002239613648671934, "gamma": 0.983979357438302, "hidden_size": 3}