{"lr": 0.0022240707009898155, "gamma": 0.9387608322584075, "hidden_size": 4}