{"lr": 0.00469896207323699, "gamma": 0.987988722756341, "hidden_size": 2}