{"lr": 0.007900587114416211, "gamma": 0.9345848827108992, "hidden_size": 4}