{"lr": 0.0014483782153593082, "gamma": 0.965327037673282, "hidden_size": 3}