{"lr": 0.002635381248763758, "gamma": 0.9740779863012279, "hidden_size": 4}