{"lr": 1.2503810140177932e-05, "gamma": 0.9835199458291815, "hidden_size": 4}