{"lr": 1.1022822933541146e-05, "gamma": 0.9859763576584932, "hidden_size": 2}