{"lr": 0.007244213329659135, "gamma": 0.905600972875302, "hidden_size": 3}