{"lr": 0.0019778049797096364, "gamma": 0.9898162251773531, "hidden_size": 2}