{"lr": 0.0037665865754504205, "gamma": 0.9418760110352015, "hidden_size": 2}