{"lr": 0.0002855364393720507, "gamma": 0.9738503089796484, "hidden_size": 3}