{"lr": 0.004306738858600711, "gamma": 0.964250639458988, "hidden_size": 3}