{"lr": 5.207288344902488e-05, "gamma": 0.9214532163476518, "hidden_size": 3}