{"lr": 0.0007867257437641905, "gamma": 0.9784083914824504, "hidden_size": 3}