{"lr": 0.00435577119033842, "gamma": 0.9587201808654884, "hidden_size": 3}