{"lr": 0.004958223400037263, "gamma": 0.90187618464822, "hidden_size": 2}