{"lr": 0.0016826045682001524, "gamma": 0.9833997686078888, "hidden_size": 3}