{"lr": 0.0006668538097914564, "gamma": 0.9668369635198266, "hidden_size": 3}