{"lr": 0.0002894359393063686, "gamma": 0.9576933777963217, "hidden_size": 4}