{"lr": 0.0004997991563406332, "gamma": 0.9830765567053235, "hidden_size": 3}