{"lr": 0.00021668505477265043, "gamma": 0.9735846475499722, "hidden_size": 1}