{"lr": 0.007393601221007381, "gamma": 0.9543537189204623, "hidden_size": 3}