{"lr": 0.00253719033983233, "gamma": 0.9622078105618929, "hidden_size": 3}