{"lr": 2.3688524235983346e-05, "gamma": 0.9158226648375359, "hidden_size": 3}