{"lr": 0.0015998384955706291, "gamma": 0.9607068765059174, "hidden_size": 3}