{"lr": 0.0036813124308974154, "gamma": 0.9013215163909725, "hidden_size": 2}