{"lr": 0.002771895049888945, "gamma": 0.9180887997208378, "hidden_size": 4}