{"lr": 0.0011169831408608848, "gamma": 0.9271571752019763, "hidden_size": 3}