{"lr": 0.005109180988448474, "gamma": 0.9623964993486481, "hidden_size": 3}