{"lr": 0.0035064877299599132, "gamma": 0.9645247370336077, "hidden_size": 3}