{"lr": 0.0005713628589829807, "gamma": 0.9890540566418897, "hidden_size": 3}