{"lr": 0.0011433449425472101, "gamma": 0.9073743549941706, "hidden_size": 3}