{"lr": 0.00018479648984781486, "gamma": 0.9120044561869047, "hidden_size": 3}