{"lr": 0.001976289318095352, "gamma": 0.986790618580026, "hidden_size": 1}