{"lr": 2.973522881505689e-05, "gamma": 0.9301062231741257, "hidden_size": 3}