{"lr": 0.004455033705961602, "gamma": 0.9674556271730035, "hidden_size": 3}