{"lr": 0.0002443142941415105, "gamma": 0.9130335166835348, "hidden_size": 3}