{"lr": 5.7085041298943316e-05, "gamma": 0.9111185962984152, "hidden_size": 4}