{"lr": 0.0025921533817471402, "gamma": 0.9629037183433221, "hidden_size": 3}