{"lr": 0.009860622982849888, "gamma": 0.9479474963934481, "hidden_size": 1}