{"lr": 0.0021883938937475116, "gamma": 0.9705726637930493, "hidden_size": 4}