{"lr": 0.00402602172215559, "gamma": 0.9777630867027616, "hidden_size": 2}