{"lr": 0.0014986130323012522, "gamma": 0.9754576413882796, "hidden_size": 4}