{"lr": 0.0024486780130870394, "gamma": 0.9587170881629197, "hidden_size": 1}