{"lr": 0.003963971305059891, "gamma": 0.9604903375835835, "hidden_size": 2}