{"lr": 0.0030311312389855725, "gamma": 0.9476959114321578, "hidden_size": 3}