{"lr": 0.002658249448440786, "gamma": 0.952949117422427, "hidden_size": 4}