{"lr": 0.007622296880420583, "gamma": 0.9417055764266804, "hidden_size": 4}