{"lr": 0.003840534013648025, "gamma": 0.9357434845900259, "hidden_size": 1}