{"lr": 1.1771719525293418e-05, "gamma": 0.9307709040901804, "hidden_size": 3}