{"lr": 0.0005552769036164404, "gamma": 0.9826110121125577, "hidden_size": 3}