{"lr": 0.006166637161453652, "gamma": 0.9399078751719899, "hidden_size": 1}