{"lr": 0.001225205095642168, "gamma": 0.969705788312311, "hidden_size": 3}