{"lr": 0.003830174715851618, "gamma": 0.9611203073792293, "hidden_size": 4}