{"lr": 1.2258016145216432e-05, "gamma": 0.951799896138875, "hidden_size": 4}