{"lr": 0.0019890738863353363, "gamma": 0.9619911276118117, "hidden_size": 3}