{"lr": 0.0007994083195447417, "gamma": 0.9670647968910482, "hidden_size": 3}