{"lr": 0.0018822944537095492, "gamma": 0.9778427043022203, "hidden_size": 4}