{"lr": 0.0019415959569074198, "gamma": 0.9604600754220826, "hidden_size": 2}