{"lr": 0.00044521804275384494, "gamma": 0.9055921385657059, "hidden_size": 2}