{"lr": 0.0031100834027616123, "gamma": 0.9645705186625836, "hidden_size": 3}