{"lr": 0.004616806635155163, "gamma": 0.939410595979537, "hidden_size": 4}