{"lr": 0.0015362969055768886, "gamma": 0.965833103328016, "hidden_size": 3}