{"lr": 0.006355989812970927, "gamma": 0.9703356560177484, "hidden_size": 3}