{"lr": 0.004059725759111825, "gamma": 0.9757486663505689, "hidden_size": 3}