{"lr": 0.005237395648028626, "gamma": 0.9386776361020133, "hidden_size": 4}