{"lr": 0.0008229708131514099, "gamma": 0.9402791635660467, "hidden_size": 2}