{"lr": 0.0019999418153112325, "gamma": 0.9645908764332037, "hidden_size": 3}