{"lr": 6.478814897722436e-05, "gamma": 0.9342838338971013, "hidden_size": 2}