{"lr": 0.005198450076548588, "gamma": 0.947942167542214, "hidden_size": 2}