{"lr": 0.0017135586796018967, "gamma": 0.9291133215967038, "hidden_size": 3}