{"lr": 0.009344035657498306, "gamma": 0.965878440900102, "hidden_size": 3}