{"lr": 0.0008496390128168306, "gamma": 0.9893072697214074, "hidden_size": 3}