{"lr": 0.002450872004420641, "gamma": 0.9211145868110217, "hidden_size": 1}