{"lr": 0.001420653436456466, "gamma": 0.9570778211052847, "hidden_size": 2}