{"lr": 6.109861495864e-05, "gamma": 0.9744146161610002, "hidden_size": 2}