{"lr": 0.0024239764050872606, "gamma": 0.9883345919566974, "hidden_size": 3}