{"lr": 0.004361571107901178, "gamma": 0.9645893733602453, "hidden_size": 3}