{"lr": 0.0008532996610061826, "gamma": 0.9697066354156285, "hidden_size": 4}