{"lr": 0.0038609398799174656, "gamma": 0.9688096000429821, "hidden_size": 3}