{"lr": 0.0014049125249150768, "gamma": 0.9715095960346942, "hidden_size": 3}