{"lr": 0.0018368997421891469, "gamma": 0.9246588710083585, "hidden_size": 3}