{"lr": 0.003381648556229725, "gamma": 0.908165248620838, "hidden_size": 4}