{"lr": 0.0024639131204182386, "gamma": 0.9692407242798067, "hidden_size": 3}