{"lr": 0.0005471126780840747, "gamma": 0.9899911051450817, "hidden_size": 4}