{"lr": 0.00753082916765505, "gamma": 0.9112260045605551, "hidden_size": 1}