{"lr": 0.00011235945236348433, "gamma": 0.9722757322822307, "hidden_size": 3}