{"lr": 0.0002743035133427092, "gamma": 0.9819850277261829, "hidden_size": 2}