{"lr": 0.0021284667895358446, "gamma": 0.9663442822941617, "hidden_size": 3}