{"lr": 0.003603177227707511, "gamma": 0.9063936506037201, "hidden_size": 2}