{"lr": 0.001078554772596656, "gamma": 0.9500120051264652, "hidden_size": 2}