{"lr": 0.00013870795999469852, "gamma": 0.9160323471058567, "hidden_size": 3}