{"lr": 0.0015025515076941428, "gamma": 0.9750737117234092, "hidden_size": 3}