{"lr": 1.349016024020321e-05, "gamma": 0.9657755921126802, "hidden_size": 3}