{"lr": 0.004984022388385357, "gamma": 0.9769050753354295, "hidden_size": 3}