{"lr": 0.00011515057015732182, "gamma": 0.9313181798860825, "hidden_size": 1}