{"lr": 0.00020897443082342634, "gamma": 0.9346201668292788, "hidden_size": 3}