{"lr": 0.003034527486879391, "gamma": 0.9667345373309348, "hidden_size": 3}