{"lr": 3.6178303644284404e-05, "gamma": 0.9467442204325495, "hidden_size": 3}