{"lr": 0.0013856264011271448, "gamma": 0.9791148060956557, "hidden_size": 4}