{"lr": 0.007851377062269684, "gamma": 0.9048483297688361, "hidden_size": 4}