{"lr": 0.0076158368856194085, "gamma": 0.9250822953684263, "hidden_size": 1}