{"lr": 0.0003853077420959541, "gamma": 0.9045808863662649, "hidden_size": 3}