{"lr": 0.004621711571492062, "gamma": 0.9751664171038168, "hidden_size": 3}