{"lr": 0.0005887847267501349, "gamma": 0.9314230914451701, "hidden_size": 2}