{"lr": 0.000516712978511962, "gamma": 0.978681964230997, "hidden_size": 3}