{"lr": 3.5059195250568254e-05, "gamma": 0.9814215752887236, "hidden_size": 2}