{"lr": 0.004545848253215069, "gamma": 0.9347492703125069, "hidden_size": 3}