{"lr": 0.008202915080958507, "gamma": 0.9738537820786451, "hidden_size": 2}