{"lr": 0.0024886043334085674, "gamma": 0.9166568797209557, "hidden_size": 4}