{"lr": 0.00044953162834343775, "gamma": 0.9803352831430251, "hidden_size": 3}