{"lr": 0.0006072834909785713, "gamma": 0.9403793050720496, "hidden_size": 3}