{"lr": 0.0007718665828400303, "gamma": 0.9661586725378951, "hidden_size": 3}