{"lr": 0.0001720324240213042, "gamma": 0.966155257715998, "hidden_size": 2}