{"lr": 0.0001779732927267291, "gamma": 0.9303887703501061, "hidden_size": 2}