{"lr": 0.0030647434575717283, "gamma": 0.9783916102438891, "hidden_size": 1}