{"lr": 4.0706287029701764e-05, "gamma": 0.9685890790257312, "hidden_size": 3}