{"lr": 0.004945553044799681, "gamma": 0.9231077315010312, "hidden_size": 4}