{"lr": 0.0001718885375497163, "gamma": 0.9298766118281235, "hidden_size": 3}