{"lr": 0.005164534002258267, "gamma": 0.9444383555794591, "hidden_size": 2}