{"lr": 0.0001745656508435552, "gamma": 0.969014254471866, "hidden_size": 2}