{"lr": 0.0033602253586148033, "gamma": 0.9865146938595968, "hidden_size": 3}