{"lr": 0.0033080581997886236, "gamma": 0.9105850700372292, "hidden_size": 1}