{"lr": 0.005947634978469606, "gamma": 0.9249314761938605, "hidden_size": 4}