{"lr": 0.000501803385181496, "gamma": 0.9601217909893757, "hidden_size": 4}