{"lr": 0.000935142670372067, "gamma": 0.9728205987056973, "hidden_size": 3}