{"lr": 0.0014894360480630074, "gamma": 0.9051959174805567, "hidden_size": 4}