{"lr": 0.001264733129199753, "gamma": 0.9540959166220754, "hidden_size": 2}