{"lr": 0.007253807680129359, "gamma": 0.9116876788914601, "hidden_size": 4}