{"lr": 0.0006650148869470716, "gamma": 0.9014515773583167, "hidden_size": 3}