{"lr": 8.55035391079481e-05, "gamma": 0.989615167194257, "hidden_size": 2}