{"lr": 0.0013925372215985222, "gamma": 0.9578904543901839, "hidden_size": 2}