{"lr": 0.0033741132918405775, "gamma": 0.9861049639013081, "hidden_size": 3}