{"lr": 0.00038757079780262545, "gamma": 0.9892725365913289, "hidden_size": 2}