{"lr": 0.0009896042260749355, "gamma": 0.9490855180633819, "hidden_size": 4}