{"lr": 0.0010713715617264494, "gamma": 0.9627782354679763, "hidden_size": 3}