{"lr": 0.0021141354919834363, "gamma": 0.9770287545417913, "hidden_size": 3}