{"lr": 0.0030704544706827183, "gamma": 0.9870112827839788, "hidden_size": 3}