{"lr": 0.0016845262801598614, "gamma": 0.9801540755793019, "hidden_size": 3}