{"lr": 0.006144629364361636, "gamma": 0.9893448200497337, "hidden_size": 2}