{"lr": 0.0007899993125280938, "gamma": 0.962543558590724, "hidden_size": 3}