{"lr": 4.6369064520685143e-05, "gamma": 0.9599101039237468, "hidden_size": 2}