{"lr": 0.0070690346628015585, "gamma": 0.9445909117524721, "hidden_size": 2}