{"lr": 0.0018507945376503787, "gamma": 0.9821302137312747, "hidden_size": 3}