{"lr": 0.0017215868088152158, "gamma": 0.9735442978337187, "hidden_size": 3}