{"lr": 0.00012095512195066732, "gamma": 0.9375823475559779, "hidden_size": 4}