{"lr": 0.0007864534371259506, "gamma": 0.9896614931905848, "hidden_size": 2}