{"lr": 0.0015745550416528902, "gamma": 0.9770080567462212, "hidden_size": 3}