{"lr": 0.004551783615153357, "gamma": 0.9713734660753374, "hidden_size": 3}