{"lr": 3.369390516743568e-05, "gamma": 0.927363621994279, "hidden_size": 4}