{"lr": 0.002516541911137208, "gamma": 0.9446208689173942, "hidden_size": 4}