{"lr": 0.0005770267930373849, "gamma": 0.9520215900690193, "hidden_size": 3}