{"lr": 0.009533437929416218, "gamma": 0.9303023615424746, "hidden_size": 3}