{"lr": 0.001614372670863663, "gamma": 0.9697678806324591, "hidden_size": 3}