{"lr": 0.0003487790575621836, "gamma": 0.9704098266344275, "hidden_size": 3}