{"lr": 0.0012268531650432653, "gamma": 0.9275371727508691, "hidden_size": 4}