{"lr": 0.005009114924394418, "gamma": 0.9867986910805898, "hidden_size": 3}