{"lr": 0.003807906966149343, "gamma": 0.9014260008463069, "hidden_size": 2}