{"lr": 0.004154129996801871, "gamma": 0.9662817118698857, "hidden_size": 4}