{"lr": 0.005504511898037799, "gamma": 0.95089380591611, "hidden_size": 4}