{"lr": 0.002992112876127264, "gamma": 0.9668699586240663, "hidden_size": 2}