{"lr": 0.0018498689498783294, "gamma": 0.9343100998724264, "hidden_size": 4}