{"lr": 0.002724346855778387, "gamma": 0.9000236139438, "hidden_size": 3}