{"lr": 0.0019848680431626656, "gamma": 0.9739617219034568, "hidden_size": 2}