{"lr": 0.004534986268763581, "gamma": 0.9611682902805133, "hidden_size": 3}