{"lr": 0.006280154824222621, "gamma": 0.9780692229594579, "hidden_size": 4}