{"lr": 0.00013965947060226876, "gamma": 0.9864714125873564, "hidden_size": 2}