{"lr": 0.003977431629206255, "gamma": 0.9899857294704578, "hidden_size": 1}