{"lr": 6.683907665632411e-05, "gamma": 0.9273068396749041, "hidden_size": 4}