{"lr": 0.00010262773921985931, "gamma": 0.9045910551941182, "hidden_size": 4}