{"lr": 0.002128385375790486, "gamma": 0.9625596946384524, "hidden_size": 2}