{"lr": 0.0011145753979474352, "gamma": 0.9759737559869761, "hidden_size": 3}