{"lr": 0.007122029905258517, "gamma": 0.9607373600163012, "hidden_size": 4}