{"lr": 1.0695305785575241e-05, "gamma": 0.9262492284442486, "hidden_size": 3}