{"lr": 0.0001322551013519573, "gamma": 0.9568158928445265, "hidden_size": 3}