{"lr": 0.0022661189932518745, "gamma": 0.950934488303226, "hidden_size": 4}