{"lr": 0.0009632167433734039, "gamma": 0.9710755642698039, "hidden_size": 3}