{"lr": 0.0012780358352931051, "gamma": 0.9178813971186864, "hidden_size": 3}