{"lr": 0.004049653271859115, "gamma": 0.9199423448247344, "hidden_size": 1}