{"lr": 0.005404043481766355, "gamma": 0.9052530301023266, "hidden_size": 2}