{"lr": 0.0007057133552588007, "gamma": 0.9411702868054769, "hidden_size": 3}