{"lr": 0.008795681287043538, "gamma": 0.9659567938446139, "hidden_size": 3}