{"lr": 0.0021875161480853786, "gamma": 0.9591667788339706, "hidden_size": 3}