{"lr": 0.0027753302819814372, "gamma": 0.9724566895319761, "hidden_size": 3}