{"lr": 0.0004388315948564468, "gamma": 0.9020165982704907, "hidden_size": 3}