{"lr": 0.005544666620547937, "gamma": 0.9000974526062462, "hidden_size": 2}