{"lr": 0.001133706304173792, "gamma": 0.9411916942040183, "hidden_size": 4}