{"lr": 0.0060287947657997835, "gamma": 0.9020809480195702, "hidden_size": 2}