{"lr": 0.005504282246219977, "gamma": 0.9611114719075132, "hidden_size": 2}