{"lr": 0.004987249722289044, "gamma": 0.9557412729713803, "hidden_size": 1}