{"lr": 0.000623102099632327, "gamma": 0.9793138115193644, "hidden_size": 3}