{"lr": 0.004607088464634986, "gamma": 0.9103301212734972, "hidden_size": 4}