{"lr": 0.0050781161473686205, "gamma": 0.9847308382869759, "hidden_size": 3}