{"lr": 0.0018042425253938204, "gamma": 0.9408335191995494, "hidden_size": 3}