{"lr": 1.9329182223605512e-05, "gamma": 0.9850615321313173, "hidden_size": 2}