{"lr": 0.0025082257048325385, "gamma": 0.9541754522287642, "hidden_size": 2}