{"lr": 0.0026375371925587443, "gamma": 0.9681976982804783, "hidden_size": 3}