{"lr": 0.0026878339843273173, "gamma": 0.9734021854713942, "hidden_size": 3}