{"lr": 0.004943491812199036, "gamma": 0.9060761394688562, "hidden_size": 2}