{"lr": 0.0015297653634129607, "gamma": 0.9827395013620056, "hidden_size": 3}