{"lr": 0.0024214359905333736, "gamma": 0.9789438575562232, "hidden_size": 3}