{"lr": 0.0005338772409480544, "gamma": 0.9176016243928649, "hidden_size": 4}