{"lr": 0.000921082202123699, "gamma": 0.9835063620919425, "hidden_size": 3}