{"lr": 0.001976549318715806, "gamma": 0.9572516391212181, "hidden_size": 4}