{"lr": 0.0009965537546188733, "gamma": 0.9806424731182036, "hidden_size": 2}