{"lr": 0.0012773669262301258, "gamma": 0.9854473143459531, "hidden_size": 3}