{"lr": 0.0016535259207954424, "gamma": 0.9839649633385641, "hidden_size": 3}