{"lr": 0.007835644192751862, "gamma": 0.9045451946174173, "hidden_size": 2}