{"lr": 0.0006254503519255943, "gamma": 0.9885818834143585, "hidden_size": 3}