{"lr": 0.004368245678680799, "gamma": 0.9574737927758805, "hidden_size": 3}