{"lr": 0.002499552445156376, "gamma": 0.9302402763524591, "hidden_size": 4}