{"lr": 0.0030119850637519755, "gamma": 0.9640959991534986, "hidden_size": 2}