{"lr": 1.1522478238649837e-05, "gamma": 0.9376187701367067, "hidden_size": 4}