{"lr": 0.0010890168208918213, "gamma": 0.9899270074483785, "hidden_size": 1}