{"lr": 0.004778944963186521, "gamma": 0.9870009634122628, "hidden_size": 3}