{"lr": 0.0009831441412982962, "gamma": 0.940336911665725, "hidden_size": 4}