{"lr": 1.0841136827467611e-05, "gamma": 0.9215255919929868, "hidden_size": 4}