{"lr": 0.002638283788873594, "gamma": 0.9618182233794114, "hidden_size": 1}