{"lr": 0.0062227499061696554, "gamma": 0.9553054637147619, "hidden_size": 3}