{"lr": 0.00022414091392569202, "gamma": 0.9690111218171094, "hidden_size": 2}