{"lr": 2.1076644610772193e-05, "gamma": 0.9330848336348704, "hidden_size": 1}