{"lr": 0.0018003667116382389, "gamma": 0.9777640520966723, "hidden_size": 3}