{"lr": 0.008525828995796564, "gamma": 0.9572043721228626, "hidden_size": 3}