{"lr": 0.0018985225464964307, "gamma": 0.9751124848472061, "hidden_size": 3}