{"lr": 0.0018094046952742279, "gamma": 0.984292099403039, "hidden_size": 3}