{"lr": 0.00022110659247384713, "gamma": 0.9616458519352838, "hidden_size": 3}