{"lr": 0.005167471441600632, "gamma": 0.9792990606986552, "hidden_size": 2}