{"lr": 5.201256318518145e-05, "gamma": 0.9189935645980548, "hidden_size": 4}