{"lr": 0.0014653837669412143, "gamma": 0.9823161919738403, "hidden_size": 3}