{"lr": 0.00022224076048118206, "gamma": 0.9560711365382143, "hidden_size": 3}