{"lr": 0.003068195311811462, "gamma": 0.9804392438889317, "hidden_size": 4}