{"lr": 0.0004998645217991792, "gamma": 0.9137926760925635, "hidden_size": 3}