{"lr": 0.004676764344291816, "gamma": 0.9265935673750327, "hidden_size": 1}