{"lr": 0.00294107281291685, "gamma": 0.9417574036022895, "hidden_size": 4}