{"lr": 0.00015021994579241373, "gamma": 0.9399069685394508, "hidden_size": 3}