{"lr": 0.0008439699945769365, "gamma": 0.9587940328171765, "hidden_size": 2}