{"lr": 0.0023359664906419304, "gamma": 0.9394282189529015, "hidden_size": 1}