{"lr": 2.8681309072656125e-05, "gamma": 0.9759840730914425, "hidden_size": 4}