{"lr": 0.004721233763153175, "gamma": 0.9035463021521567, "hidden_size": 2}