{"lr": 0.0055882926790960874, "gamma": 0.9623321242602543, "hidden_size": 2}