{"lr": 0.0006637361508379658, "gamma": 0.966532307679372, "hidden_size": 3}