{"lr": 0.004322759932268221, "gamma": 0.9427935049796117, "hidden_size": 4}