{"lr": 0.004772650172114246, "gamma": 0.9745785029325561, "hidden_size": 3}