{"lr": 0.00015646448874474816, "gamma": 0.9182028947859155, "hidden_size": 4}