{"lr": 0.0004445962675463424, "gamma": 0.9332130699265831, "hidden_size": 4}