{"lr": 0.004124879708793965, "gamma": 0.9648431690882838, "hidden_size": 2}