{"lr": 0.0007562111033678667, "gamma": 0.9296325355415797, "hidden_size": 2}