{"lr": 0.0019897893107816995, "gamma": 0.9305391583834023, "hidden_size": 2}