{"lr": 0.002192885011874708, "gamma": 0.9629698156245996, "hidden_size": 2}