{"lr": 0.0009425428311351999, "gamma": 0.9416889271673381, "hidden_size": 2}