{"lr": 0.004582156585984129, "gamma": 0.9850272257408244, "hidden_size": 4}