{"lr": 0.0050130330797017765, "gamma": 0.9384813157566716, "hidden_size": 3}