{"lr": 0.0013989867464771774, "gamma": 0.9742654894666373, "hidden_size": 3}