{"lr": 3.358341038402351e-05, "gamma": 0.9725894671028726, "hidden_size": 4}