{"lr": 1.4276530873228371e-05, "gamma": 0.9589977236557757, "hidden_size": 4}