{"lr": 0.0021443806815711424, "gamma": 0.9468739568615022, "hidden_size": 3}