{"lr": 0.0012445292165818638, "gamma": 0.9278736699621812, "hidden_size": 3}