{"lr": 0.00368272665457133, "gamma": 0.977690224371362, "hidden_size": 3}