{"lr": 0.002879076774119626, "gamma": 0.9595522333707966, "hidden_size": 4}