{"lr": 0.0018077061597831694, "gamma": 0.9762266547753542, "hidden_size": 3}