{"lr": 0.0008352681061437047, "gamma": 0.988174258500754, "hidden_size": 3}