{"lr": 0.0037778723249305337, "gamma": 0.9338821900987888, "hidden_size": 4}