{"lr": 0.009875000174914543, "gamma": 0.9668924016301873, "hidden_size": 3}