{"lr": 0.002821226422921063, "gamma": 0.9899998154397212, "hidden_size": 3}