{"lr": 7.973876747203937e-05, "gamma": 0.9532307032920785, "hidden_size": 2}