{"lr": 0.0012384362648191513, "gamma": 0.9874617275384785, "hidden_size": 3}