{"lr": 0.004348121604542372, "gamma": 0.988227034438958, "hidden_size": 3}