{"lr": 0.000289744156982622, "gamma": 0.9766214510622262, "hidden_size": 3}