{"lr": 0.0018184931748958632, "gamma": 0.9728505649852424, "hidden_size": 3}