{"lr": 0.0023736298004678794, "gamma": 0.9803643324864263, "hidden_size": 3}