{"lr": 0.0002382097306146697, "gamma": 0.9751134436332494, "hidden_size": 4}