{"lr": 0.0001231317341060163, "gamma": 0.9215587803405636, "hidden_size": 1}