{"lr": 0.0025854437802560145, "gamma": 0.9729138517422923, "hidden_size": 4}