{"lr": 0.001846541058639032, "gamma": 0.9698768769895169, "hidden_size": 2}