{"lr": 0.001534675526548305, "gamma": 0.9242132720374381, "hidden_size": 2}