{"lr": 0.00027210454882775967, "gamma": 0.9866459491470893, "hidden_size": 3}