{"lr": 0.005241940230542469, "gamma": 0.9327655402561916, "hidden_size": 3}