{"lr": 0.0010610014899686828, "gamma": 0.9553807329771056, "hidden_size": 4}