{"lr": 0.0019230443493926466, "gamma": 0.9206899131541236, "hidden_size": 3}