{"lr": 0.005238830313952356, "gamma": 0.9643596461115933, "hidden_size": 2}