{"lr": 0.0014388829139050398, "gamma": 0.9717730557991229, "hidden_size": 2}