{"lr": 5.9973902738020075e-05, "gamma": 0.9037301574301455, "hidden_size": 3}