{"lr": 0.0027641159719292755, "gamma": 0.928123628830236, "hidden_size": 2}