{"lr": 0.003817062073389557, "gamma": 0.9274194155945711, "hidden_size": 3}