{"lr": 0.0034170407451839723, "gamma": 0.9439936079975082, "hidden_size": 1}