{"lr": 0.002924937713000088, "gamma": 0.9625524068053051, "hidden_size": 3}