{"lr": 0.009744220781116307, "gamma": 0.9032816861849764, "hidden_size": 4}