{"lr": 0.0006711427063209453, "gamma": 0.9287812779648186, "hidden_size": 4}