{"lr": 0.00024825026475364, "gamma": 0.9584728742726126, "hidden_size": 1}