{"lr": 0.00290554059330987, "gamma": 0.9764952749556743, "hidden_size": 3}