{"lr": 2.6534607217076537e-05, "gamma": 0.9039731136618909, "hidden_size": 3}