{"lr": 0.006422707751216255, "gamma": 0.9661170327655552, "hidden_size": 3}