{"lr": 0.003101920079889999, "gamma": 0.965403692743573, "hidden_size": 4}