{"lr": 0.004359550499142805, "gamma": 0.9804630098304628, "hidden_size": 3}