{"lr": 0.00050233848783493, "gamma": 0.9779182968210762, "hidden_size": 4}