{"lr": 0.0037992530466173066, "gamma": 0.9863041832152734, "hidden_size": 2}