{"lr": 0.0003587916501616482, "gamma": 0.9875141394908213, "hidden_size": 3}