{"lr": 0.008921156897850618, "gamma": 0.9324303290821067, "hidden_size": 1}