{"lr": 4.295159484905338e-05, "gamma": 0.961313465777089, "hidden_size": 3}