{"lr": 0.0009129711417460359, "gamma": 0.9801257123274095, "hidden_size": 3}