{"lr": 0.00027431163376243615, "gamma": 0.9874969661976241, "hidden_size": 2}