{"lr": 0.003914090568530502, "gamma": 0.9076539562783212, "hidden_size": 2}