{"lr": 0.0018665844076726204, "gamma": 0.9595912289594838, "hidden_size": 3}