{"lr": 0.0021647962513295753, "gamma": 0.965426004017372, "hidden_size": 3}