{"lr": 1.0340978796269127e-05, "gamma": 0.9226766126894697, "hidden_size": 4}