{"lr": 0.0054078637480289155, "gamma": 0.9526354954235084, "hidden_size": 3}