{"lr": 1.0095793499314493e-05, "gamma": 0.9393292384852915, "hidden_size": 4}