{"lr": 0.0008417247165483965, "gamma": 0.9181517906381215, "hidden_size": 3}