{"lr": 0.0035221745123051305, "gamma": 0.9598740842434142, "hidden_size": 3}