{"lr": 0.0015570940353413821, "gamma": 0.9700470380756162, "hidden_size": 3}