{"lr": 0.004395510956174319, "gamma": 0.9074761518869495, "hidden_size": 2}