{"lr": 0.002018201690605614, "gamma": 0.9750873145950935, "hidden_size": 3}