{"lr": 0.008201190230601094, "gamma": 0.9417514596555328, "hidden_size": 3}