{"lr": 0.00981276884879623, "gamma": 0.9139419531432209, "hidden_size": 1}