{"lr": 0.0013805901440562464, "gamma": 0.9388432448277039, "hidden_size": 3}