{"lr": 0.002989101697653596, "gamma": 0.9637674058243703, "hidden_size": 2}