{"lr": 0.00047810115375689625, "gamma": 0.9380765833543421, "hidden_size": 3}