{"lr": 0.0004151193895457901, "gamma": 0.9157043188268396, "hidden_size": 3}