{"lr": 0.002412259829880805, "gamma": 0.9648567653535375, "hidden_size": 3}