{"lr": 0.0015439105923832801, "gamma": 0.9493251728334176, "hidden_size": 2}