{"lr": 0.002303993968710184, "gamma": 0.9754585975592186, "hidden_size": 3}