{"lr": 0.0008800037871036989, "gamma": 0.9732292331378203, "hidden_size": 1}