{"lr": 0.006696119701136467, "gamma": 0.9565107215798697, "hidden_size": 1}