{"lr": 0.008267818374890917, "gamma": 0.9368400403911756, "hidden_size": 4}