{"lr": 0.005953364266846951, "gamma": 0.96924519621773, "hidden_size": 3}