{"lr": 0.00021460167884090417, "gamma": 0.9449692703133593, "hidden_size": 2}