{"lr": 0.0008168200462377643, "gamma": 0.989502538673204, "hidden_size": 3}