{"lr": 0.0019216783809948268, "gamma": 0.9142350979807243, "hidden_size": 3}