{"lr": 0.0033724227162167586, "gamma": 0.9788737171537837, "hidden_size": 3}