{"lr": 0.0010278584502722479, "gamma": 0.9800989546956529, "hidden_size": 2}