{"lr": 5.3101117136535225e-05, "gamma": 0.9698382340165383, "hidden_size": 3}