{"lr": 0.004062868598201771, "gamma": 0.9311280347953095, "hidden_size": 3}