{"lr": 0.0007007291539265594, "gamma": 0.9761349789890856, "hidden_size": 2}