{"lr": 0.008484409805419734, "gamma": 0.9481539993759505, "hidden_size": 3}