{"lr": 0.0015233772900811533, "gamma": 0.9739280317263148, "hidden_size": 3}