{"lr": 0.005640734418868246, "gamma": 0.981826376996466, "hidden_size": 2}