{"lr": 0.004848904654407539, "gamma": 0.9022338065261709, "hidden_size": 2}