{"lr": 0.003077293986651119, "gamma": 0.9700884061184242, "hidden_size": 3}