{"lr": 0.0011195190812997413, "gamma": 0.9353122632806259, "hidden_size": 3}