{"lr": 0.002325696255554949, "gamma": 0.9675013878890811, "hidden_size": 3}