{"lr": 0.000648621366386238, "gamma": 0.9844876472051813, "hidden_size": 3}