{"lr": 2.2030842822338224e-05, "gamma": 0.9006638390072778, "hidden_size": 4}