{"lr": 0.005842919224759857, "gamma": 0.9832925648291599, "hidden_size": 3}