{"lr": 0.004330741870096603, "gamma": 0.9440765191947995, "hidden_size": 3}