{"lr": 1.0069848872178031e-05, "gamma": 0.988022618846433, "hidden_size": 2}