{"lr": 0.0006678672352671201, "gamma": 0.9631544119907243, "hidden_size": 3}