{"lr": 0.0007539694951680556, "gamma": 0.909510012391883, "hidden_size": 4}