{"lr": 0.0006338961096016287, "gamma": 0.9867855890693089, "hidden_size": 3}