{"lr": 0.005714767632223824, "gamma": 0.9100534359539673, "hidden_size": 2}