{"lr": 0.004211202991179596, "gamma": 0.9208267707507953, "hidden_size": 4}