{"lr": 0.004357990166123514, "gamma": 0.9692596795319657, "hidden_size": 3}