{"lr": 0.0027752433911505097, "gamma": 0.9614767627763494, "hidden_size": 3}