{"lr": 0.009599502600494822, "gamma": 0.9281905319031541, "hidden_size": 4}