{"lr": 0.005384940908586503, "gamma": 0.9112248640707622, "hidden_size": 1}