{"lr": 0.0061288576281009555, "gamma": 0.9838746123928673, "hidden_size": 3}