{"lr": 0.0034074798547418066, "gamma": 0.9642399579635594, "hidden_size": 4}