{"lr": 6.917554575044364e-05, "gamma": 0.9761279852819065, "hidden_size": 1}