{"lr": 0.0004112969381618387, "gamma": 0.9846930461147126, "hidden_size": 4}