{"lr": 0.0012940298386222712, "gamma": 0.9111435740294223, "hidden_size": 3}