{"lr": 0.00018141151192013123, "gamma": 0.9710497829887674, "hidden_size": 4}