{"lr": 0.002300731002748685, "gamma": 0.9055881992826331, "hidden_size": 2}