{"lr": 0.0027653037908069358, "gamma": 0.9105088635998216, "hidden_size": 3}