{"lr": 0.0012874402956820736, "gamma": 0.9538278330683864, "hidden_size": 3}