{"lr": 0.006850619547988762, "gamma": 0.9870795922003033, "hidden_size": 3}