{"lr": 0.0015121498216611332, "gamma": 0.9745245645198892, "hidden_size": 3}