{"lr": 0.003543490522042822, "gamma": 0.9454655595738954, "hidden_size": 2}