{"lr": 0.003976087449373579, "gamma": 0.9642592175704224, "hidden_size": 3}