{"lr": 0.0031172666777683575, "gamma": 0.9492180799793556, "hidden_size": 2}