{"lr": 0.0032175279227418564, "gamma": 0.9628676213293996, "hidden_size": 3}