{"lr": 0.005220366555794582, "gamma": 0.942420672750143, "hidden_size": 1}