{"lr": 0.0015350727440857157, "gamma": 0.9380493462761659, "hidden_size": 1}