{"lr": 1.2520453130994472e-05, "gamma": 0.9393988272173991, "hidden_size": 4}