{"lr": 0.00016433288471399144, "gamma": 0.9371462348316182, "hidden_size": 3}