{"lr": 0.001415560170918172, "gamma": 0.9899563234684966, "hidden_size": 4}