{"lr": 0.006824582094630254, "gamma": 0.9500402534351053, "hidden_size": 4}