{"lr": 1.9851854229398013e-05, "gamma": 0.9428013903611289, "hidden_size": 4}