{"lr": 0.003166871864495919, "gamma": 0.9560433834021701, "hidden_size": 3}