{"lr": 0.00021499103068900355, "gamma": 0.9750944244358369, "hidden_size": 3}