{"lr": 0.0006875960376872766, "gamma": 0.9592927946961163, "hidden_size": 3}