{"lr": 0.0018364306308127007, "gamma": 0.9899796722271681, "hidden_size": 3}