{"lr": 0.006789240130303625, "gamma": 0.9485334086495801, "hidden_size": 4}