{"lr": 0.0006223580097700974, "gamma": 0.9838645193515695, "hidden_size": 3}