{"lr": 0.002926518820009639, "gamma": 0.9242399561707985, "hidden_size": 4}