{"lr": 0.003848708497629753, "gamma": 0.9626995388633552, "hidden_size": 3}