{"lr": 0.0017147156185534983, "gamma": 0.9638585569549826, "hidden_size": 3}