{"lr": 0.005790448766459824, "gamma": 0.9292480691783928, "hidden_size": 1}