{"lr": 0.009154433242738265, "gamma": 0.9597189720659373, "hidden_size": 4}