{"lr": 0.0019034926408047332, "gamma": 0.9882906410581775, "hidden_size": 3}