{"lr": 0.002196520396355741, "gamma": 0.927147597492665, "hidden_size": 3}