{"lr": 0.0035697617430347555, "gamma": 0.9506077194894094, "hidden_size": 3}