{"lr": 0.0059262058066404345, "gamma": 0.9032651842869709, "hidden_size": 1}