{"lr": 0.00026710515340000885, "gamma": 0.9672331145570094, "hidden_size": 4}