{"lr": 0.003286138791164654, "gamma": 0.946256630654084, "hidden_size": 1}