{"lr": 0.0019482923052751952, "gamma": 0.9899568156200954, "hidden_size": 3}