{"lr": 0.002075813344061767, "gamma": 0.9738566954993836, "hidden_size": 3}