{"lr": 0.0018191670940985092, "gamma": 0.9756364977164144, "hidden_size": 4}