{"lr": 0.00210710988350932, "gamma": 0.9709527444171163, "hidden_size": 3}