{"lr": 0.007773243078132236, "gamma": 0.9434026396514675, "hidden_size": 2}