{"lr": 0.0019774550651643, "gamma": 0.9732756760044303, "hidden_size": 3}