{"lr": 0.003027535363788156, "gamma": 0.9782896916103867, "hidden_size": 4}