{"lr": 0.005119164300880888, "gamma": 0.9534851159370636, "hidden_size": 4}