{"lr": 0.0018346075193306007, "gamma": 0.9776802731609778, "hidden_size": 3}