{"lr": 0.0014190728629950434, "gamma": 0.9609486720410432, "hidden_size": 3}