{"lr": 0.001896286007545607, "gamma": 0.9681387424506087, "hidden_size": 4}