{"lr": 0.00019358946382889454, "gamma": 0.9633532893582422, "hidden_size": 2}