{"lr": 0.0049845104548316525, "gamma": 0.9580780772201349, "hidden_size": 1}