{"lr": 0.0036505356149342198, "gamma": 0.9632373985281613, "hidden_size": 4}