{"lr": 0.009082117163959774, "gamma": 0.9577523833437857, "hidden_size": 1}