{"lr": 0.0005806956319639372, "gamma": 0.9861070544002138, "hidden_size": 3}