{"lr": 0.002412694563988649, "gamma": 0.9729106700650023, "hidden_size": 3}