{"lr": 1.582617909777702e-05, "gamma": 0.9849643960898018, "hidden_size": 3}