{"lr": 0.0032543159394474368, "gamma": 0.9677969256306822, "hidden_size": 3}