{"lr": 0.004571104721971746, "gamma": 0.9635081966976525, "hidden_size": 3}