{"lr": 0.0015636035447814506, "gamma": 0.9723788049041405, "hidden_size": 3}