{"lr": 0.0032906872179242594, "gamma": 0.9716688485725932, "hidden_size": 2}