{"lr": 0.0035079563997636063, "gamma": 0.9826330362709021, "hidden_size": 3}