{"lr": 1.8954255352311695e-05, "gamma": 0.9032183373062728, "hidden_size": 2}