{"lr": 0.001910023549214736, "gamma": 0.9789569102879775, "hidden_size": 3}