{"lr": 0.0026918013334005274, "gamma": 0.9597963915472039, "hidden_size": 3}