{"lr": 0.00018960146169649838, "gamma": 0.9100290032564244, "hidden_size": 4}