{"lr": 0.0032068376637725314, "gamma": 0.96811905008104, "hidden_size": 3}