{"lr": 0.00037887121535947025, "gamma": 0.9754447653751637, "hidden_size": 3}