{"lr": 0.0002436431661404006, "gamma": 0.9643970629466175, "hidden_size": 3}