{"lr": 0.003211964514018243, "gamma": 0.9650960914831459, "hidden_size": 3}