{"lr": 6.776099860614588e-05, "gamma": 0.9801375350654735, "hidden_size": 2}