{"lr": 0.0011089454553947138, "gamma": 0.9653947960559084, "hidden_size": 3}