{"lr": 0.00018501369298000087, "gamma": 0.940399061279917, "hidden_size": 1}