{"lr": 0.003592900256293213, "gamma": 0.9094380917103838, "hidden_size": 4}