{"lr": 0.0039044914803514456, "gamma": 0.9506047133195242, "hidden_size": 1}