{"lr": 0.0006748269260291152, "gamma": 0.9419441831263541, "hidden_size": 2}