{"lr": 0.0027787248960492077, "gamma": 0.9629620008783584, "hidden_size": 2}