{"lr": 8.990881823153839e-05, "gamma": 0.9152689344863503, "hidden_size": 3}