{"lr": 0.0022354504749036532, "gamma": 0.9473023415368506, "hidden_size": 1}