{"lr": 0.0008932681725017219, "gamma": 0.9552979524718682, "hidden_size": 3}