{"lr": 0.004703755112336665, "gamma": 0.9659471722764923, "hidden_size": 3}