{"lr": 0.006282039803082706, "gamma": 0.948049529893308, "hidden_size": 3}