{"lr": 0.0018950807796767526, "gamma": 0.9688104806223204, "hidden_size": 2}