{"lr": 0.0010152571701486678, "gamma": 0.965471363866371, "hidden_size": 3}