{"lr": 0.0017518169855794516, "gamma": 0.9707693994958614, "hidden_size": 1}