{"lr": 0.0028107737242614463, "gamma": 0.9864130398459328, "hidden_size": 3}