{"lr": 3.7410208234658476e-05, "gamma": 0.9534729169707463, "hidden_size": 2}