{"lr": 0.008510001998481802, "gamma": 0.9418995807178284, "hidden_size": 3}