{"lr": 9.288618227146765e-05, "gamma": 0.985248245894544, "hidden_size": 4}