{"lr": 0.003590366448109785, "gamma": 0.9324818608400035, "hidden_size": 4}