{"lr": 0.00020400855537218204, "gamma": 0.9043845566174947, "hidden_size": 4}