{"lr": 4.513954957485094e-05, "gamma": 0.9088668545457151, "hidden_size": 2}