{"lr": 0.00080330492645386, "gamma": 0.9568495983275598, "hidden_size": 1}