{"lr": 0.005098648814333617, "gamma": 0.9623562403548762, "hidden_size": 3}