{"lr": 5.502680407024854e-05, "gamma": 0.9868620841758342, "hidden_size": 3}