{"lr": 0.004786729642185946, "gamma": 0.9302183122401962, "hidden_size": 2}