{"lr": 0.007018045337029757, "gamma": 0.9740365082000865, "hidden_size": 3}