{"lr": 0.007132377204760977, "gamma": 0.9593355213230709, "hidden_size": 3}