{"lr": 0.0015467440944866662, "gamma": 0.9656189591498581, "hidden_size": 3}