{"lr": 0.009339865269194529, "gamma": 0.95562183504908, "hidden_size": 3}