{"lr": 0.0013546389687457564, "gamma": 0.9751727138613465, "hidden_size": 3}