{"lr": 0.008256770705415773, "gamma": 0.9551222804339846, "hidden_size": 3}