{"lr": 0.002196204435599068, "gamma": 0.9643944607722928, "hidden_size": 4}