{"lr": 1.1019301654693592e-05, "gamma": 0.947427299780054, "hidden_size": 2}