{"lr": 2.764186620361461e-05, "gamma": 0.9206575949207699, "hidden_size": 3}