{"lr": 0.001092093356835329, "gamma": 0.9701259022481906, "hidden_size": 3}