{"lr": 0.0006851882863291396, "gamma": 0.9253592615008336, "hidden_size": 3}