{"lr": 7.87468846393395e-05, "gamma": 0.9837202102062678, "hidden_size": 4}