{"lr": 0.00027837747894849464, "gamma": 0.9692570347898275, "hidden_size": 2}