{"lr": 0.001408845462443626, "gamma": 0.9734344311836528, "hidden_size": 3}