{"lr": 0.009835025372053196, "gamma": 0.9643878992647056, "hidden_size": 3}