{"lr": 0.0004494689527422843, "gamma": 0.9254806876286185, "hidden_size": 4}