{"lr": 0.0016896646238239465, "gamma": 0.9510057921159751, "hidden_size": 4}