{"lr": 8.811968128732652e-05, "gamma": 0.9350089960695901, "hidden_size": 3}