{"lr": 0.0057113864438708035, "gamma": 0.9070687757387599, "hidden_size": 3}