{"lr": 0.001895092696028346, "gamma": 0.9544155257007769, "hidden_size": 3}