{"lr": 1.02127195856331e-05, "gamma": 0.9853264578761382, "hidden_size": 4}