{"lr": 0.001989615659623557, "gamma": 0.9563749203212365, "hidden_size": 2}