{"lr": 0.005953781653480463, "gamma": 0.952105678967068, "hidden_size": 3}