{"lr": 0.007705234182376519, "gamma": 0.9340229012995385, "hidden_size": 4}