{"lr": 0.0066029293862002, "gamma": 0.9011669200325624, "hidden_size": 3}