{"lr": 0.0033181896502125956, "gamma": 0.9747321337751526, "hidden_size": 4}