{"lr": 0.0015398046820377577, "gamma": 0.9043680313175106, "hidden_size": 2}