{"lr": 0.0004585475771372249, "gamma": 0.9532105042670731, "hidden_size": 3}