{"lr": 0.00019641817745636104, "gamma": 0.9259053934289669, "hidden_size": 4}