{"lr": 0.0006342307122849789, "gamma": 0.9291813986402399, "hidden_size": 4}