{"lr": 0.0027610890882371402, "gamma": 0.9880509671840935, "hidden_size": 3}