{"lr": 0.003151793493362668, "gamma": 0.958007535284401, "hidden_size": 3}