{"lr": 0.0018165374698189203, "gamma": 0.9810747800163949, "hidden_size": 3}