{"lr": 1.0298025618549693e-05, "gamma": 0.9878385651033688, "hidden_size": 2}