{"lr": 0.0006844805602201775, "gamma": 0.94768104709252, "hidden_size": 4}