{"lr": 0.0007177464857015806, "gamma": 0.9491378312616299, "hidden_size": 3}