{"lr": 3.33182325384786e-05, "gamma": 0.9099784960617882, "hidden_size": 4}