{"lr": 1.8544324067052162e-05, "gamma": 0.928849360542556, "hidden_size": 4}