{"lr": 0.0003053670510872162, "gamma": 0.969908083168273, "hidden_size": 3}