{"lr": 0.009687687887442377, "gamma": 0.9720464810284645, "hidden_size": 3}