{"lr": 0.0030879973043618607, "gamma": 0.9899315735525319, "hidden_size": 3}