{"lr": 0.006099515219222782, "gamma": 0.966965188894174, "hidden_size": 3}