{"lr": 0.002512894208527401, "gamma": 0.9882114446603144, "hidden_size": 4}