{"lr": 4.308464348976988e-05, "gamma": 0.9833496699697833, "hidden_size": 3}