{"lr": 0.0005877419161185057, "gamma": 0.9538714456987181, "hidden_size": 4}