{"lr": 0.0022415514845668155, "gamma": 0.947503317146767, "hidden_size": 3}