{"lr": 9.705483643364486e-05, "gamma": 0.9354302125021619, "hidden_size": 1}