{"lr": 0.0001007243267597928, "gamma": 0.9001276413506963, "hidden_size": 3}