{"lr": 0.0002981237837431653, "gamma": 0.9717750080168689, "hidden_size": 3}