{"lr": 0.0016741222989072777, "gamma": 0.976423295607675, "hidden_size": 3}