{"lr": 6.600717035683432e-05, "gamma": 0.906286774624792, "hidden_size": 4}