{"lr": 6.234840674204919e-05, "gamma": 0.929945063193877, "hidden_size": 2}