{"lr": 0.0009396249583692538, "gamma": 0.977922595768987, "hidden_size": 3}