{"lr": 0.00029610945135224564, "gamma": 0.9515192143368904, "hidden_size": 4}