{"lr": 0.0007294310822966011, "gamma": 0.9855110913897136, "hidden_size": 3}