{"lr": 0.004577980121297375, "gamma": 0.9719736974274307, "hidden_size": 3}