{"lr": 0.00842694920683929, "gamma": 0.9046690773208041, "hidden_size": 1}