{"lr": 0.00032626906372774754, "gamma": 0.9734917984770318, "hidden_size": 3}