{"lr": 0.0038937053098768064, "gamma": 0.9848181540280345, "hidden_size": 1}