{"lr": 0.0027760559627490124, "gamma": 0.9595176468121833, "hidden_size": 1}