{"lr": 0.0025863623524084957, "gamma": 0.9672599380062038, "hidden_size": 3}