{"lr": 0.00467557613045885, "gamma": 0.9065544319530733, "hidden_size": 1}