{"lr": 0.00023347367467481812, "gamma": 0.923814959267229, "hidden_size": 2}