{"lr": 0.0011608227924758444, "gamma": 0.9734805000659088, "hidden_size": 3}