{"lr": 0.002852715660552364, "gamma": 0.9032182938465902, "hidden_size": 2}