{"lr": 0.0024143870692093896, "gamma": 0.9615876022230172, "hidden_size": 3}