{"lr": 2.7288193576242282e-05, "gamma": 0.9546450656125174, "hidden_size": 3}