{"lr": 0.005945160466446172, "gamma": 0.9352373303993662, "hidden_size": 3}