{"lr": 0.008217090243469767, "gamma": 0.9524700404483141, "hidden_size": 4}