{"lr": 0.004266381099749539, "gamma": 0.9629101677867393, "hidden_size": 3}