{"lr": 0.0017247522467405895, "gamma": 0.9853610313379574, "hidden_size": 4}