{"lr": 1.1653544302306453e-05, "gamma": 0.9486289615625269, "hidden_size": 4}