{"lr": 0.0034979846639585145, "gamma": 0.963441099835905, "hidden_size": 3}