{"lr": 0.000179715488975075, "gamma": 0.9369597982369547, "hidden_size": 3}