{"lr": 0.00024072817375263633, "gamma": 0.9592400484865038, "hidden_size": 3}