{"lr": 0.002002379983819686, "gamma": 0.9699218286678563, "hidden_size": 3}