{"lr": 0.002004695782784664, "gamma": 0.9660435754981069, "hidden_size": 3}