{"lr": 0.002715317278343822, "gamma": 0.9838763289799646, "hidden_size": 4}