{"lr": 0.0035570932358779364, "gamma": 0.9313689520338677, "hidden_size": 1}