{"lr": 0.002713633618700201, "gamma": 0.9049638817259197, "hidden_size": 1}