{"lr": 0.003310068733002661, "gamma": 0.9631845544819799, "hidden_size": 3}