{"lr": 0.0007061975149862886, "gamma": 0.9812278222973951, "hidden_size": 2}