{"lr": 0.006270556685994272, "gamma": 0.9472891947557025, "hidden_size": 3}