{"lr": 0.0007543233474124148, "gamma": 0.9616898667534522, "hidden_size": 2}