{"lr": 0.005101048526008943, "gamma": 0.983888237085536, "hidden_size": 3}