{"lr": 0.0019389421891486533, "gamma": 0.9886635983369854, "hidden_size": 3}