{"lr": 0.00047268026982969386, "gamma": 0.9670555681241122, "hidden_size": 3}