{"lr": 0.0014598142547616077, "gamma": 0.9736957167124389, "hidden_size": 3}