{"lr": 0.004010985524384434, "gamma": 0.919855083301825, "hidden_size": 4}