{"lr": 0.0003049187296695663, "gamma": 0.9241363809911277, "hidden_size": 2}