{"lr": 0.004750010760028486, "gamma": 0.9843307779168412, "hidden_size": 3}