{"lr": 0.0019701151845949935, "gamma": 0.965499802338576, "hidden_size": 3}