{"lr": 0.0023835311506099585, "gamma": 0.9715897437400175, "hidden_size": 3}