{"lr": 0.0034860457353819412, "gamma": 0.9885375286158237, "hidden_size": 3}