{"lr": 0.00729298985671892, "gamma": 0.9517161183997159, "hidden_size": 3}