{"lr": 0.000130655283875975, "gamma": 0.9823587125487753, "hidden_size": 1}