{"lr": 0.000414057791629888, "gamma": 0.9871694691322772, "hidden_size": 3}