{"lr": 1.727059412550196e-05, "gamma": 0.9499656057423247, "hidden_size": 2}