{"lr": 0.0012659667537698325, "gamma": 0.9179512810554525, "hidden_size": 4}