{"lr": 0.0001619390192554952, "gamma": 0.9094572939164584, "hidden_size": 4}