{"lr": 0.00010876118826275875, "gamma": 0.9483840785571632, "hidden_size": 3}