{"lr": 0.00038757323660761983, "gamma": 0.9555168010502103, "hidden_size": 3}