{"lr": 0.005721574891024042, "gamma": 0.917321229076636, "hidden_size": 3}