{"lr": 0.0006511946415184659, "gamma": 0.9092015157114427, "hidden_size": 4}