{"lr": 4.038925953111675e-05, "gamma": 0.9304619919171886, "hidden_size": 3}