{"lr": 0.005921237752662052, "gamma": 0.954194629345198, "hidden_size": 1}