{"lr": 0.003098373642522038, "gamma": 0.9255931682213789, "hidden_size": 2}