{"lr": 0.004352426573752923, "gamma": 0.9886137983098683, "hidden_size": 1}