{"lr": 0.0010070230885020769, "gamma": 0.9356913098438827, "hidden_size": 1}