{"lr": 0.005791504333505972, "gamma": 0.9025496926623916, "hidden_size": 2}