{"lr": 0.001142428356777545, "gamma": 0.9601986237275908, "hidden_size": 3}