{"lr": 0.00028167974311257664, "gamma": 0.9695566355929841, "hidden_size": 3}