{"lr": 0.005601654005636555, "gamma": 0.9587614450827109, "hidden_size": 3}