{"lr": 0.00019053487560442896, "gamma": 0.925802102143944, "hidden_size": 4}