{"lr": 0.002264919511001405, "gamma": 0.9668993344388281, "hidden_size": 3}