{"lr": 0.001500179670576741, "gamma": 0.9878508862465967, "hidden_size": 3}