{"lr": 0.00021363234429700847, "gamma": 0.9813359509781662, "hidden_size": 3}