{"lr": 8.689401350306516e-05, "gamma": 0.9444877950743178, "hidden_size": 3}