{"lr": 0.0032920353462773436, "gamma": 0.9684293304975137, "hidden_size": 3}