{"lr": 2.402926453300211e-05, "gamma": 0.9718990544682726, "hidden_size": 3}