{"lr": 0.006555842119921926, "gamma": 0.9352884578786297, "hidden_size": 3}