{"lr": 2.8920269115501575e-05, "gamma": 0.9720872076328625, "hidden_size": 4}