{"lr": 0.007987272061368258, "gamma": 0.9798719685620698, "hidden_size": 4}