{"lr": 0.002997591405082489, "gamma": 0.9588345737050294, "hidden_size": 2}