{"lr": 0.0002984964704357305, "gamma": 0.9792983296688367, "hidden_size": 4}