{"lr": 0.0016589816762402879, "gamma": 0.9466595362951921, "hidden_size": 2}