{"lr": 0.00048820939808681576, "gamma": 0.9628599336779133, "hidden_size": 1}