{"lr": 0.002792988459662251, "gamma": 0.9879332133096677, "hidden_size": 3}