{"lr": 0.0021750460930699653, "gamma": 0.9738995403589278, "hidden_size": 3}