{"lr": 3.2768326207118286e-05, "gamma": 0.9821933279466897, "hidden_size": 3}