{"lr": 0.004515144796395766, "gamma": 0.9865615235186578, "hidden_size": 3}