{"lr": 0.0022935947006842462, "gamma": 0.9860543565641299, "hidden_size": 3}