{"lr": 1.1987351826137252e-05, "gamma": 0.9804203518945193, "hidden_size": 3}