{"lr": 0.000616136210202495, "gamma": 0.9750742385629156, "hidden_size": 3}