{"lr": 0.0019020094195437236, "gamma": 0.9646301778536976, "hidden_size": 3}