{"lr": 0.004217627775088181, "gamma": 0.9128350169360159, "hidden_size": 3}