{"lr": 0.0031461566244568536, "gamma": 0.9601598666627996, "hidden_size": 2}