{"lr": 0.0020893432581520896, "gamma": 0.9839295784175331, "hidden_size": 3}