{"lr": 0.0053413285974450025, "gamma": 0.9001817120904775, "hidden_size": 2}