{"lr": 0.006635357454276552, "gamma": 0.9137964194502366, "hidden_size": 1}