{"lr": 9.528600853496334e-05, "gamma": 0.9314904801678757, "hidden_size": 4}