{"lr": 0.0015514031483553428, "gamma": 0.9741134962340912, "hidden_size": 3}