{"lr": 0.009183915481519063, "gamma": 0.9486128638818299, "hidden_size": 3}