{"lr": 0.003944784169930413, "gamma": 0.9789603046676719, "hidden_size": 4}