{"lr": 0.002251830335655564, "gamma": 0.9778365183141084, "hidden_size": 1}