{"lr": 0.0014383857976769706, "gamma": 0.9886074968983273, "hidden_size": 1}