{"lr": 0.00036803569247620285, "gamma": 0.9486383569797083, "hidden_size": 1}