{"lr": 0.004217372442200513, "gamma": 0.9866012762212798, "hidden_size": 3}