{"lr": 0.0015460102976750884, "gamma": 0.9604197243076474, "hidden_size": 3}