{"lr": 0.004052008763838752, "gamma": 0.9787848753309933, "hidden_size": 4}