{"lr": 1.300625085822171e-05, "gamma": 0.9284354016562774, "hidden_size": 2}