{"lr": 0.006596365118770839, "gamma": 0.9433628896121902, "hidden_size": 3}