{"lr": 0.002168731312379844, "gamma": 0.9398209208139002, "hidden_size": 3}