{"lr": 0.0018300526976313843, "gamma": 0.9225918352583033, "hidden_size": 4}