{"lr": 8.617507206610464e-05, "gamma": 0.9509858076915202, "hidden_size": 4}