{"lr": 0.0033963948144025732, "gamma": 0.9139620763516274, "hidden_size": 3}