{"lr": 0.0006288924888073609, "gamma": 0.9131215830200011, "hidden_size": 3}