{"lr": 0.001858861373563993, "gamma": 0.9250715684633151, "hidden_size": 3}