{"lr": 0.00037246472371586467, "gamma": 0.9469298740253573, "hidden_size": 3}