{"lr": 0.0010691152408800165, "gamma": 0.9787331327945615, "hidden_size": 3}