{"lr": 0.0005683507004132334, "gamma": 0.989980281468759, "hidden_size": 3}