{"lr": 0.005153625267619474, "gamma": 0.9838352745881437, "hidden_size": 3}