{"lr": 0.003850632760473899, "gamma": 0.9809179151960122, "hidden_size": 3}