{"lr": 0.00018042916212215087, "gamma": 0.9552283606517878, "hidden_size": 3}