{"lr": 0.005178326136557306, "gamma": 0.9868031894775459, "hidden_size": 3}