{"lr": 0.0004718894697430618, "gamma": 0.9609284746964508, "hidden_size": 3}