{"lr": 8.385063668443971e-05, "gamma": 0.9402704980409177, "hidden_size": 3}