{"lr": 0.0002559063955253531, "gamma": 0.9214358024603271, "hidden_size": 3}