{"lr": 0.006161002559052762, "gamma": 0.9490965531092705, "hidden_size": 4}