{"lr": 0.007207496646944899, "gamma": 0.9801588006524389, "hidden_size": 3}