{"lr": 0.0013358940881087098, "gamma": 0.9735684711582286, "hidden_size": 3}