{"lr": 0.0017866303437319667, "gamma": 0.9851483228920038, "hidden_size": 3}