{"lr": 0.0005678796485107286, "gamma": 0.9250401198819573, "hidden_size": 3}