{"lr": 6.32696654274276e-05, "gamma": 0.9488989174382888, "hidden_size": 2}