{"lr": 0.0004278086315696224, "gamma": 0.9404977806725229, "hidden_size": 3}