{"lr": 6.713677003252374e-05, "gamma": 0.9877179900052612, "hidden_size": 3}