{"lr": 0.0007850305275148563, "gamma": 0.9363530775224979, "hidden_size": 4}