{"lr": 0.002659564902576093, "gamma": 0.9562421830189174, "hidden_size": 3}