{"lr": 0.000567285917141671, "gamma": 0.9216318585151932, "hidden_size": 4}