{"lr": 0.004547120372838664, "gamma": 0.9561657801462685, "hidden_size": 3}