{"lr": 0.004439382660479185, "gamma": 0.9152456161574126, "hidden_size": 3}