{"lr": 0.008336579493013556, "gamma": 0.9045452832575402, "hidden_size": 2}