{"lr": 0.001334076906002846, "gamma": 0.9077465181563033, "hidden_size": 1}