{"lr": 0.0012383171234644046, "gamma": 0.9897686783972778, "hidden_size": 1}