{"lr": 0.0021780315504911735, "gamma": 0.9742303278191551, "hidden_size": 3}