{"lr": 0.00014022014088944853, "gamma": 0.9274247827080444, "hidden_size": 4}