{"lr": 0.003609638972247031, "gamma": 0.9637021158978015, "hidden_size": 2}