{"lr": 0.002637135870339364, "gamma": 0.9851717241464416, "hidden_size": 3}