{"lr": 0.0006760209797401071, "gamma": 0.9408068905079862, "hidden_size": 3}