{"lr": 0.00308815400584308, "gamma": 0.9713358192957033, "hidden_size": 3}