{"lr": 0.00570798695280079, "gamma": 0.903035294588727, "hidden_size": 2}