{"lr": 0.003963862767738897, "gamma": 0.9520075742612417, "hidden_size": 3}