{"lr": 0.009802554229394671, "gamma": 0.9592538833353572, "hidden_size": 4}