{"lr": 0.004172959801967122, "gamma": 0.9341131499702953, "hidden_size": 4}