{"lr": 0.007368945783688601, "gamma": 0.9042408886755229, "hidden_size": 2}