{"lr": 0.004532481084110938, "gamma": 0.9605188593353676, "hidden_size": 2}