{"lr": 0.00024358119826235986, "gamma": 0.9569578878840096, "hidden_size": 1}