{"lr": 0.0027497418576431284, "gamma": 0.9617824005570793, "hidden_size": 3}