{"lr": 0.001910155069193169, "gamma": 0.9611360954460045, "hidden_size": 3}