{"lr": 0.0005793127642985983, "gamma": 0.9758191160180718, "hidden_size": 3}