{"lr": 0.0040751327262044815, "gamma": 0.9758010580456321, "hidden_size": 2}