{"lr": 0.0017741545524307737, "gamma": 0.9772268636637162, "hidden_size": 3}