{"lr": 0.00028909561547821034, "gamma": 0.9204258790272588, "hidden_size": 4}