{"lr": 0.002514340438353751, "gamma": 0.9381867930229519, "hidden_size": 3}