{"lr": 0.005754214319390271, "gamma": 0.9663699248344686, "hidden_size": 3}