{"lr": 0.0029282032836326593, "gamma": 0.9420927979579873, "hidden_size": 2}