{"lr": 0.007829263313552128, "gamma": 0.907968950657419, "hidden_size": 3}