{"lr": 0.0046136030870870745, "gamma": 0.9879012810597128, "hidden_size": 3}