{"lr": 0.00010632434993529166, "gamma": 0.9488400062285316, "hidden_size": 2}