{"lr": 0.004517033459658012, "gamma": 0.9062087858690855, "hidden_size": 2}