{"lr": 2.7568892909142632e-05, "gamma": 0.936549014233738, "hidden_size": 4}