{"lr": 0.0030891178869265254, "gamma": 0.9558164619097291, "hidden_size": 3}