{"lr": 9.351795232368801e-05, "gamma": 0.9711610401999695, "hidden_size": 2}