{"lr": 0.0035274576084704207, "gamma": 0.9885213292608812, "hidden_size": 3}