{"lr": 1.510242504460506e-05, "gamma": 0.91983396122993, "hidden_size": 4}