{"lr": 0.005443154806022418, "gamma": 0.9613888812214023, "hidden_size": 3}