{"lr": 0.001353630903904366, "gamma": 0.9875749735434819, "hidden_size": 3}