{"lr": 0.003210654484280962, "gamma": 0.9275738347043874, "hidden_size": 4}