{"lr": 1.4996506076987706e-05, "gamma": 0.9797341079742866, "hidden_size": 3}