{"lr": 0.0012811814925565805, "gamma": 0.9571249052476167, "hidden_size": 3}