{"lr": 0.00640535052729142, "gamma": 0.9668470799960234, "hidden_size": 3}