{"lr": 0.00974747584394435, "gamma": 0.9397956043895, "hidden_size": 3}