{"lr": 0.0022267637513395605, "gamma": 0.9825307385670088, "hidden_size": 3}