{"lr": 0.002975423800331211, "gamma": 0.9849650085290058, "hidden_size": 3}