{"lr": 0.0004515250578508597, "gamma": 0.9440140515742931, "hidden_size": 3}