{"lr": 0.0008523463596559732, "gamma": 0.9351542988448117, "hidden_size": 3}