{"lr": 0.0028099380986842362, "gamma": 0.9898008961620993, "hidden_size": 3}