{"lr": 0.0019355502631443657, "gamma": 0.9876427091104759, "hidden_size": 2}