{"lr": 2.941432702409799e-05, "gamma": 0.9595922307635596, "hidden_size": 3}