{"lr": 0.0005055820463947125, "gamma": 0.9506999436210443, "hidden_size": 4}