{"lr": 1.4331569527290165e-05, "gamma": 0.962235489861274, "hidden_size": 3}