{"lr": 0.00040358818936240447, "gamma": 0.9380596821523167, "hidden_size": 2}