{"lr": 0.0040100547935479425, "gamma": 0.9620614980867253, "hidden_size": 1}