{"lr": 0.005334346998304532, "gamma": 0.9092768151862664, "hidden_size": 1}