{"lr": 8.680907552715646e-05, "gamma": 0.9189544173314806, "hidden_size": 4}