{"lr": 0.0031000275708541196, "gamma": 0.9816398720632712, "hidden_size": 2}