{"lr": 0.00010119633402065156, "gamma": 0.939521320034609, "hidden_size": 3}