{"lr": 0.0082563808826506, "gamma": 0.9009440256617289, "hidden_size": 4}