{"lr": 0.00047647907291938416, "gamma": 0.9836049699270412, "hidden_size": 3}