{"lr": 0.0004611889878571474, "gamma": 0.9838016803922864, "hidden_size": 3}