{"lr": 0.0006047560469822435, "gamma": 0.973974724140048, "hidden_size": 3}