{"lr": 0.00519237355178093, "gamma": 0.9825685817640007, "hidden_size": 4}