{"lr": 0.00013616756360739963, "gamma": 0.9577704693753905, "hidden_size": 3}