{"lr": 0.00546205942583073, "gamma": 0.9230051087899329, "hidden_size": 1}