{"lr": 3.9880474441722337e-05, "gamma": 0.9343639227117599, "hidden_size": 2}