{"lr": 0.0021451149238276377, "gamma": 0.9744637309678444, "hidden_size": 2}