{"lr": 0.0012290621555071765, "gamma": 0.9710670326816486, "hidden_size": 3}