{"lr": 2.1314895636318514e-05, "gamma": 0.9298538677519169, "hidden_size": 2}