{"lr": 0.0028480287145410455, "gamma": 0.9683309509926319, "hidden_size": 3}