{"lr": 0.0036732224768510407, "gamma": 0.979067482602354, "hidden_size": 4}