{"lr": 0.001214616275043501, "gamma": 0.9095803480869722, "hidden_size": 3}