{"lr": 0.0002569627077438921, "gamma": 0.9275122601806347, "hidden_size": 3}