{"lr": 0.003187051220185536, "gamma": 0.9601090882062916, "hidden_size": 3}