{"lr": 0.0010259764555763412, "gamma": 0.96113881074684, "hidden_size": 4}