{"lr": 0.006804549481977879, "gamma": 0.9412411829082542, "hidden_size": 4}