{"lr": 0.006637687539569124, "gamma": 0.9306214165785172, "hidden_size": 2}