{"lr": 0.006166698835884664, "gamma": 0.9578502511264199, "hidden_size": 4}