{"lr": 0.00017121422458582798, "gamma": 0.9755286805129112, "hidden_size": 3}