{"lr": 7.793889551725986e-05, "gamma": 0.9430147056693097, "hidden_size": 4}