{"lr": 0.0004273133257770633, "gamma": 0.9845628729179918, "hidden_size": 4}