{"lr": 0.002551060894739094, "gamma": 0.9193591579026975, "hidden_size": 3}