{"lr": 0.00282264661578117, "gamma": 0.9199386213564619, "hidden_size": 2}