{"lr": 0.0070876002635046845, "gamma": 0.9766765868267269, "hidden_size": 1}