{"lr": 0.003461807848798651, "gamma": 0.9876689511584417, "hidden_size": 4}