{"lr": 0.00023997898896521868, "gamma": 0.9474293895774383, "hidden_size": 2}