{"lr": 0.007273996620550766, "gamma": 0.9423120846715166, "hidden_size": 1}