{"lr": 5.5155745620151995e-05, "gamma": 0.9198817997884519, "hidden_size": 1}