{"lr": 1.635662083742059e-05, "gamma": 0.9381539311806704, "hidden_size": 2}