{"lr": 1.024317860813795e-05, "gamma": 0.9562960984299553, "hidden_size": 2}