{"lr": 0.002986957846148539, "gamma": 0.9850519316995529, "hidden_size": 3}