{"lr": 0.0011257096972556889, "gamma": 0.9535563173875912, "hidden_size": 4}