{"lr": 0.0057325685174081835, "gamma": 0.9001860311838911, "hidden_size": 1}