{"lr": 0.004908728985563273, "gamma": 0.9537657538224137, "hidden_size": 2}