{"lr": 0.0007486165495318151, "gamma": 0.9336563330545796, "hidden_size": 3}