{"lr": 0.0036527313114551826, "gamma": 0.9684823618629045, "hidden_size": 3}