{"lr": 0.00017808746052727414, "gamma": 0.9453084046748643, "hidden_size": 3}