{"lr": 0.0013000670577511498, "gamma": 0.9236439071953966, "hidden_size": 3}