{"lr": 0.0021394159597272386, "gamma": 0.9577612318146227, "hidden_size": 3}