{"lr": 2.946992025812827e-05, "gamma": 0.9589706118412463, "hidden_size": 2}