{"lr": 0.002061328678903342, "gamma": 0.9094237957815522, "hidden_size": 3}