{"lr": 0.005527235176281822, "gamma": 0.9639637268794088, "hidden_size": 2}