{"lr": 0.00410329411833856, "gamma": 0.90950307828585, "hidden_size": 2}