{"lr": 0.008356005169637184, "gamma": 0.9429495316082855, "hidden_size": 1}