{"lr": 0.0022776907544554796, "gamma": 0.9846007244946805, "hidden_size": 3}