{"lr": 0.0007735666707772545, "gamma": 0.9109300143522572, "hidden_size": 4}