{"lr": 0.0014886058123073167, "gamma": 0.9431164130020586, "hidden_size": 3}