{"lr": 0.00249119068671287, "gamma": 0.9202528922867629, "hidden_size": 3}