{"lr": 1.541902614617588e-05, "gamma": 0.9206230551562393, "hidden_size": 4}