{"lr": 0.005444870573740758, "gamma": 0.9121088955854926, "hidden_size": 2}