{"lr": 0.00010307139504116866, "gamma": 0.9407267438995858, "hidden_size": 3}