{"lr": 0.008524327961532286, "gamma": 0.9477055031253703, "hidden_size": 1}