{"lr": 0.0027445566342589904, "gamma": 0.9452351789430322, "hidden_size": 3}