{"lr": 0.004085959748677505, "gamma": 0.9848820328706875, "hidden_size": 1}