{"lr": 0.001936898573276993, "gamma": 0.9670187298527495, "hidden_size": 3}