{"lr": 0.0018671322605179072, "gamma": 0.9677078138592352, "hidden_size": 3}