{"lr": 0.0006088372418377005, "gamma": 0.9450910721339228, "hidden_size": 4}