{"lr": 0.000997229803540908, "gamma": 0.9601998763943221, "hidden_size": 3}