{"lr": 0.001323356849577319, "gamma": 0.9567262112940655, "hidden_size": 3}