{"lr": 1.5920341983623965e-05, "gamma": 0.9302813250627364, "hidden_size": 4}