{"lr": 0.002755553618747594, "gamma": 0.9061248620234256, "hidden_size": 1}