{"lr": 0.0008085414966478659, "gamma": 0.9697532702124266, "hidden_size": 4}