{"lr": 0.0012544243130162562, "gamma": 0.9571134309471386, "hidden_size": 3}