{"lr": 0.004981358717978027, "gamma": 0.9675046721372906, "hidden_size": 2}