{"lr": 0.001533866542714062, "gamma": 0.9712006171404809, "hidden_size": 3}