{"lr": 0.006718286000207754, "gamma": 0.9622020657964202, "hidden_size": 4}