{"lr": 0.002463255282621344, "gamma": 0.9845008109504798, "hidden_size": 4}