{"lr": 0.004959013890425838, "gamma": 0.9258794426867996, "hidden_size": 4}