{"lr": 0.003084460839947262, "gamma": 0.9682520109543225, "hidden_size": 3}