{"lr": 0.0063725315618283875, "gamma": 0.9540745094412353, "hidden_size": 3}