{"lr": 0.008716343106192887, "gamma": 0.9480788890570812, "hidden_size": 1}