{"lr": 0.0008919375968314822, "gamma": 0.9517438964844187, "hidden_size": 4}