{"lr": 0.0016558178643155412, "gamma": 0.9614724853954301, "hidden_size": 3}