{"lr": 0.00105124333428169, "gamma": 0.9720643095730199, "hidden_size": 3}