{"lr": 0.002283075534102223, "gamma": 0.9768920651586485, "hidden_size": 3}