{"lr": 0.0019568883919514933, "gamma": 0.9602873017069112, "hidden_size": 3}