{"lr": 0.0036600571891019975, "gamma": 0.9197166891630056, "hidden_size": 2}