{"lr": 0.003485220578309312, "gamma": 0.9540407162747414, "hidden_size": 2}