{"lr": 0.0016061968603076615, "gamma": 0.9780140932363096, "hidden_size": 3}