{"lr": 3.7651991701464325e-05, "gamma": 0.9899960474202724, "hidden_size": 3}