{"lr": 0.0021980892296302825, "gamma": 0.9691048794833285, "hidden_size": 3}