{"lr": 0.0022666078598121016, "gamma": 0.9002904425392072, "hidden_size": 4}