{"lr": 0.00021986919969775852, "gamma": 0.9084267745792728, "hidden_size": 4}