{"lr": 0.009771609799325247, "gamma": 0.914498057431098, "hidden_size": 4}