{"lr": 0.0009098199576088683, "gamma": 0.9540264121590003, "hidden_size": 3}