{"lr": 0.001664459173423711, "gamma": 0.9768751657959593, "hidden_size": 3}