{"lr": 0.0023636184053673075, "gamma": 0.9899978249001116, "hidden_size": 3}