{"lr": 0.007020835199828671, "gamma": 0.9232749185254051, "hidden_size": 3}