{"lr": 2.1478554175272095e-05, "gamma": 0.9412263536512655, "hidden_size": 4}