{"lr": 0.006010027974789225, "gamma": 0.9475116460551065, "hidden_size": 1}