{"lr": 0.004895203473623033, "gamma": 0.9057123181484624, "hidden_size": 2}