{"lr": 0.005388247859952662, "gamma": 0.9205857376685375, "hidden_size": 3}