{"lr": 0.00030027264303816257, "gamma": 0.9007230207149787, "hidden_size": 3}