{"lr": 0.0008633583384026945, "gamma": 0.9492711959485683, "hidden_size": 4}