{"lr": 0.008877506280173291, "gamma": 0.9250280801347206, "hidden_size": 1}