{"lr": 0.002337380132172968, "gamma": 0.9741043864648109, "hidden_size": 3}