{"lr": 0.00410147310709755, "gamma": 0.9899277317039372, "hidden_size": 3}