{"lr": 1.583014698510374e-05, "gamma": 0.9495691757466811, "hidden_size": 4}