{"lr": 0.0033628427673144117, "gamma": 0.9620543467988681, "hidden_size": 3}