{"lr": 0.0030793120254778415, "gamma": 0.9706120078296497, "hidden_size": 3}