{"lr": 0.0004657929118981863, "gamma": 0.9192895306018161, "hidden_size": 4}