{"lr": 0.0010150191769900312, "gamma": 0.9763854966380494, "hidden_size": 3}