{"lr": 0.0011780083719018638, "gamma": 0.9585052828766939, "hidden_size": 3}