{"lr": 0.0013146028971850736, "gamma": 0.9561697928314302, "hidden_size": 1}