{"lr": 0.004170887673991161, "gamma": 0.9624730482686383, "hidden_size": 2}