{"lr": 0.0006353489171644375, "gamma": 0.9642347487882367, "hidden_size": 1}