{"lr": 0.0036384256451678465, "gamma": 0.9092536623819076, "hidden_size": 2}