{"lr": 0.006561332783061031, "gamma": 0.9630104702362241, "hidden_size": 3}