{"lr": 6.992093946563487e-05, "gamma": 0.9890202609967031, "hidden_size": 2}