{"lr": 0.0006386157986408594, "gamma": 0.9524572737927995, "hidden_size": 4}