{"lr": 0.0011614613937431337, "gamma": 0.9574021311508772, "hidden_size": 3}