{"lr": 0.00012237548903929293, "gamma": 0.9627407690292776, "hidden_size": 3}