{"lr": 0.0010847550068279037, "gamma": 0.9797488929654775, "hidden_size": 3}