{"lr": 0.007437566038980368, "gamma": 0.9436137091028605, "hidden_size": 3}