{"lr": 0.002790030261473181, "gamma": 0.9756036131027143, "hidden_size": 3}