{"lr": 0.0019690847430945844, "gamma": 0.9637247082920135, "hidden_size": 3}