{"lr": 0.0017555379043857756, "gamma": 0.9166510388727457, "hidden_size": 4}