{"lr": 0.0030196964004954277, "gamma": 0.9646142962481569, "hidden_size": 3}