{"lr": 0.004943217088563556, "gamma": 0.9538375354775298, "hidden_size": 2}