{"lr": 0.0001472845029799039, "gamma": 0.9245273528726567, "hidden_size": 3}