{"lr": 0.004029563762593057, "gamma": 0.9664653442129941, "hidden_size": 3}