{"lr": 0.005058737443151681, "gamma": 0.9721941021571799, "hidden_size": 4}