{"lr": 1.28157040794245e-05, "gamma": 0.9033621223628573, "hidden_size": 4}