{"lr": 2.5548416663670942e-05, "gamma": 0.9255466955366012, "hidden_size": 3}