{"lr": 0.005398873424906697, "gamma": 0.9637949540333884, "hidden_size": 2}