{"lr": 0.0044547226855633105, "gamma": 0.9072175605811483, "hidden_size": 1}