{"lr": 0.0019311089938417172, "gamma": 0.9615719232956979, "hidden_size": 1}