{"lr": 0.006424459410986711, "gamma": 0.9172245471988335, "hidden_size": 1}