{"lr": 0.001490917902839519, "gamma": 0.9416517674114404, "hidden_size": 2}