{"lr": 0.008052465040856717, "gamma": 0.9287330701300006, "hidden_size": 1}