{"lr": 0.0033478780575796497, "gamma": 0.9856271563669132, "hidden_size": 3}