{"lr": 0.003432287332718458, "gamma": 0.9895631821911498, "hidden_size": 3}