{"lr": 0.0008925420031338623, "gamma": 0.9770425141897899, "hidden_size": 4}