{"lr": 0.0047097145359114604, "gamma": 0.9650781052358639, "hidden_size": 1}