{"lr": 7.267097982672244e-05, "gamma": 0.9156636217234504, "hidden_size": 1}