{"lr": 0.0011345267045053155, "gamma": 0.9881720173812532, "hidden_size": 3}