{"lr": 0.0004804030212125402, "gamma": 0.9318976152000793, "hidden_size": 1}