{"lr": 0.00035099336826756186, "gamma": 0.9544079006388346, "hidden_size": 4}