{"lr": 0.0013554372985452037, "gamma": 0.989997360690892, "hidden_size": 3}