{"lr": 0.0051851681366424, "gamma": 0.9783486299580739, "hidden_size": 3}