{"lr": 0.000819021068745393, "gamma": 0.9702536622756759, "hidden_size": 3}