{"lr": 0.0036833994040300203, "gamma": 0.9435155957378291, "hidden_size": 4}