{"lr": 0.0019622796181530044, "gamma": 0.9865820411393446, "hidden_size": 3}