{"lr": 0.0006458630939942474, "gamma": 0.9760682131670024, "hidden_size": 2}