{"lr": 0.003313739803051135, "gamma": 0.9721206231756394, "hidden_size": 3}