{"lr": 0.0041791848509569, "gamma": 0.9712251811813211, "hidden_size": 3}