{"lr": 0.002970314499306822, "gamma": 0.967209105883493, "hidden_size": 2}