{"lr": 0.0005952409994816987, "gamma": 0.915972826139372, "hidden_size": 2}