{"lr": 0.003336882377546893, "gamma": 0.9875920414632274, "hidden_size": 3}