{"lr": 0.0026376658077022956, "gamma": 0.9571317382755861, "hidden_size": 3}