{"lr": 1.1536120943720768e-05, "gamma": 0.9878307468469731, "hidden_size": 2}