{"lr": 0.003224678166489346, "gamma": 0.9595196655109182, "hidden_size": 3}