{"lr": 0.002186663762794377, "gamma": 0.9866037353080207, "hidden_size": 3}