{"lr": 0.000874681903864882, "gamma": 0.9454904665704739, "hidden_size": 3}