{"lr": 0.00352337093594771, "gamma": 0.9363198044297638, "hidden_size": 3}