{"lr": 0.0012260980438637279, "gamma": 0.9103265759227286, "hidden_size": 4}