{"lr": 0.00024370656593168666, "gamma": 0.9647255399299964, "hidden_size": 3}