{"lr": 0.0003872256649845393, "gamma": 0.9139085390581807, "hidden_size": 4}