{"lr": 0.0026562375757953837, "gamma": 0.9315512497474311, "hidden_size": 4}