{"lr": 0.0036138987305885726, "gamma": 0.9891389021926296, "hidden_size": 3}