{"lr": 0.0003484098489256749, "gamma": 0.9115116365486816, "hidden_size": 3}