{"lr": 0.005117542385650688, "gamma": 0.9063007999742341, "hidden_size": 2}