{"lr": 0.0035476473592336664, "gamma": 0.9749041873077522, "hidden_size": 4}