{"lr": 0.00763845041136409, "gamma": 0.9897088049545719, "hidden_size": 3}