{"lr": 0.0004135868427743041, "gamma": 0.9773183244266522, "hidden_size": 3}