{"lr": 0.00020675545101902644, "gamma": 0.9394310126397843, "hidden_size": 3}