{"lr": 0.003558872844905604, "gamma": 0.9696099941740117, "hidden_size": 1}