{"lr": 0.0007731046019368102, "gamma": 0.9699484826014032, "hidden_size": 3}