{"lr": 0.009515361304711933, "gamma": 0.9876998471988931, "hidden_size": 3}