{"lr": 0.00029677176520605123, "gamma": 0.9660052716163053, "hidden_size": 2}