{"lr": 0.004705624802857027, "gamma": 0.9543896365807775, "hidden_size": 1}