{"lr": 0.005071616546232206, "gamma": 0.9504934037095945, "hidden_size": 3}