{"lr": 0.0019566945321252654, "gamma": 0.9512264564580277, "hidden_size": 3}