{"lr": 0.0001077846533293662, "gamma": 0.9041056928259165, "hidden_size": 2}