{"lr": 0.0037768216589012223, "gamma": 0.9187566975719633, "hidden_size": 1}