{"lr": 0.003108663670069272, "gamma": 0.9878504115772392, "hidden_size": 3}