{"lr": 0.004881929060917512, "gamma": 0.9196909556268094, "hidden_size": 4}