{"lr": 0.0031794778062610553, "gamma": 0.976636891968959, "hidden_size": 3}