{"lr": 0.004775593867774455, "gamma": 0.9078599986614166, "hidden_size": 2}