{"lr": 0.004351439590804832, "gamma": 0.9856899175689124, "hidden_size": 2}