{"lr": 8.539686319697248e-05, "gamma": 0.9113479040748689, "hidden_size": 4}