{"lr": 0.0006566158568232209, "gamma": 0.9009802706841545, "hidden_size": 2}