{"lr": 0.0009906859615430783, "gamma": 0.9642038497888851, "hidden_size": 2}