{"lr": 0.005497253929756793, "gamma": 0.9159719217870145, "hidden_size": 3}