{"lr": 0.004542980654353277, "gamma": 0.9812221201670227, "hidden_size": 2}