{"lr": 4.701182043649343e-05, "gamma": 0.9784825633268267, "hidden_size": 2}