{"lr": 5.18802403402918e-05, "gamma": 0.9120377810093395, "hidden_size": 2}