{"lr": 3.94749395429059e-05, "gamma": 0.9684436677140712, "hidden_size": 3}