{"lr": 0.002874497365117885, "gamma": 0.9761843504479534, "hidden_size": 3}