{"lr": 0.0011688477028274163, "gamma": 0.9561002723950874, "hidden_size": 3}