{"lr": 0.007211633524172187, "gamma": 0.9068649803920135, "hidden_size": 2}