{"lr": 0.001866289894966945, "gamma": 0.9016965090514728, "hidden_size": 4}