{"lr": 0.0015785469835458048, "gamma": 0.9123253576564255, "hidden_size": 3}