{"lr": 6.833369343948983e-05, "gamma": 0.9392844106738277, "hidden_size": 4}