{"lr": 0.009765654815405611, "gamma": 0.9185576714624947, "hidden_size": 2}