{"lr": 0.0042208739969436925, "gamma": 0.9624274140504068, "hidden_size": 3}