{"lr": 0.00940865647846138, "gamma": 0.9496826112460267, "hidden_size": 2}