{"lr": 0.003414782447727363, "gamma": 0.9728998457431938, "hidden_size": 3}