{"lr": 0.0015391639958642531, "gamma": 0.9708516608574094, "hidden_size": 2}