{"lr": 0.0020535074007501796, "gamma": 0.9719362290488469, "hidden_size": 3}