{"lr": 0.003163135819032499, "gamma": 0.9898392696581176, "hidden_size": 4}