{"lr": 0.001365041560017297, "gamma": 0.9831671022958101, "hidden_size": 3}