{"lr": 0.006206903175633773, "gamma": 0.9579623235194319, "hidden_size": 3}