{"lr": 0.0009421863678848497, "gamma": 0.9861036028774108, "hidden_size": 3}