{"lr": 0.0006000857353492096, "gamma": 0.9636902633334806, "hidden_size": 3}