{"lr": 0.000463852864810096, "gamma": 0.9398703409202501, "hidden_size": 3}