{"lr": 0.0009040297775829338, "gamma": 0.9551097001673321, "hidden_size": 3}