{"lr": 0.0038197308823915703, "gamma": 0.9695822229718628, "hidden_size": 3}