{"lr": 0.0006701699456462064, "gamma": 0.9651386896571117, "hidden_size": 1}