{"lr": 0.0033400093067614896, "gamma": 0.9845517114074693, "hidden_size": 3}