{"lr": 0.0009954321550871088, "gamma": 0.9517122395764757, "hidden_size": 4}