{"lr": 0.009773756154323318, "gamma": 0.9188765040247076, "hidden_size": 4}