{"lr": 0.0010033163445243058, "gamma": 0.9751695252751776, "hidden_size": 3}