{"lr": 0.0025098686192818985, "gamma": 0.9143335038091908, "hidden_size": 3}