{"lr": 0.0013843024991404254, "gamma": 0.9612105951554498, "hidden_size": 3}