{"lr": 3.11743272436281e-05, "gamma": 0.9219619099745469, "hidden_size": 4}