{"lr": 0.00036587218129149776, "gamma": 0.957201613593429, "hidden_size": 2}