{"lr": 0.0007706914963125505, "gamma": 0.9603447913934177, "hidden_size": 3}