{"lr": 0.0018628233361155223, "gamma": 0.9664381391994125, "hidden_size": 4}