{"lr": 0.0014689286174330216, "gamma": 0.9325065425275779, "hidden_size": 4}