{"lr": 0.0019142938546711185, "gamma": 0.9592937295211216, "hidden_size": 3}