{"lr": 0.004392761934345747, "gamma": 0.945653399895438, "hidden_size": 3}