{"lr": 0.001987616030566478, "gamma": 0.961825517960837, "hidden_size": 1}