{"lr": 0.0029676124545598244, "gamma": 0.9896507559443544, "hidden_size": 2}