{"lr": 0.0016518205375795376, "gamma": 0.9873454475397611, "hidden_size": 3}