{"lr": 0.0007737459722112948, "gamma": 0.9860987468601512, "hidden_size": 4}