{"lr": 0.0032904756533052764, "gamma": 0.9688095055837581, "hidden_size": 3}