{"lr": 0.00037035448887460967, "gamma": 0.9849892516205095, "hidden_size": 3}