{"lr": 0.0009653177849739947, "gamma": 0.9618885506281513, "hidden_size": 3}