{"lr": 0.0017552789417195245, "gamma": 0.9690528657780902, "hidden_size": 3}