{"lr": 1.5033083525265665e-05, "gamma": 0.9374095884517085, "hidden_size": 2}