{"lr": 0.0015447750094377535, "gamma": 0.9138926361840355, "hidden_size": 4}