{"lr": 0.0034188254486640646, "gamma": 0.9423789976119602, "hidden_size": 1}