{"lr": 0.0021972836341479962, "gamma": 0.960513587997022, "hidden_size": 2}