{"lr": 0.001724649295561106, "gamma": 0.9682388411095164, "hidden_size": 3}