{"lr": 1.5174647553894416e-05, "gamma": 0.910436526059653, "hidden_size": 2}