{"lr": 4.696585530450498e-05, "gamma": 0.9624478073504571, "hidden_size": 2}