{"lr": 0.00466543866320844, "gamma": 0.9850282730717017, "hidden_size": 3}