{"lr": 0.0026049321702632734, "gamma": 0.9471962692918872, "hidden_size": 3}