{"lr": 0.0019348172623860284, "gamma": 0.9214933688013249, "hidden_size": 2}