{"lr": 0.0016366077196856533, "gamma": 0.9615989875501014, "hidden_size": 3}