{"lr": 0.0016628527090779407, "gamma": 0.9704525023697603, "hidden_size": 3}