{"lr": 0.0006859964393767249, "gamma": 0.9789823141324482, "hidden_size": 4}