{"lr": 0.00019788333817229425, "gamma": 0.9671437910108852, "hidden_size": 3}