{"lr": 0.003450641241611188, "gamma": 0.9644059871524183, "hidden_size": 2}