{"lr": 0.0013992187326544421, "gamma": 0.9706418779070591, "hidden_size": 3}