{"lr": 0.002652477212512601, "gamma": 0.9716711207552639, "hidden_size": 3}