{"lr": 0.005089491122712194, "gamma": 0.942371444872255, "hidden_size": 3}