{"lr": 0.0006100275025904739, "gamma": 0.9741200573182337, "hidden_size": 3}