{"lr": 0.0005627786763180738, "gamma": 0.9165324343895802, "hidden_size": 4}